-- --------------------------------------------------------
-- 主机:                           127.0.0.1
-- 服务器版本:                        5.7.27-log - MySQL Community Server (GPL)
-- 服务器操作系统:                      Win64
-- HeidiSQL 版本:                  12.3.0.6589
-- --------------------------------------------------------

/*!40101 SET @OLD_CHARACTER_SET_CLIENT=@@CHARACTER_SET_CLIENT */;
/*!40101 SET NAMES utf8 */;
/*!50503 SET NAMES utf8mb4 */;
/*!40103 SET @OLD_TIME_ZONE=@@TIME_ZONE */;
/*!40103 SET TIME_ZONE='+00:00' */;
/*!40014 SET @OLD_FOREIGN_KEY_CHECKS=@@FOREIGN_KEY_CHECKS, FOREIGN_KEY_CHECKS=0 */;
/*!40101 SET @OLD_SQL_MODE=@@SQL_MODE, SQL_MODE='NO_AUTO_VALUE_ON_ZERO' */;
/*!40111 SET @OLD_SQL_NOTES=@@SQL_NOTES, SQL_NOTES=0 */;


-- 导出 woodwhales-media 的数据库结构
DROP DATABASE IF EXISTS `woodwhales-media`;
CREATE DATABASE IF NOT EXISTS `woodwhales-media` /*!40100 DEFAULT CHARACTER SET utf8mb4 */;
USE `woodwhales-media`;

-- 导出  表 woodwhales-media.media_genre_info 结构
DROP TABLE IF EXISTS `media_genre_info`;
CREATE TABLE IF NOT EXISTS `media_genre_info` (
  `id` bigint(20) unsigned NOT NULL AUTO_INCREMENT COMMENT '主键',
  `create_time` datetime NOT NULL DEFAULT CURRENT_TIMESTAMP COMMENT '创建时间',
  `update_time` datetime NOT NULL DEFAULT CURRENT_TIMESTAMP ON UPDATE CURRENT_TIMESTAMP COMMENT '更新时间',
  `name` varchar(50) NOT NULL COMMENT '类型名称',
  PRIMARY KEY (`id`)
) ENGINE=InnoDB DEFAULT CHARSET=utf8mb4 COMMENT='媒体类型信息表';

-- 正在导出表  woodwhales-media.media_genre_info 的数据：~7 rows (大约)
DELETE FROM `media_genre_info`;
INSERT INTO `media_genre_info` (`id`, `create_time`, `update_time`, `name`) VALUES
	(5, '2023-01-30 14:58:34', '2023-01-30 14:58:34', '剧情'),
	(6, '2023-01-30 14:58:34', '2023-01-30 14:58:34', '犯罪'),
	(7, '2023-01-30 14:59:45', '2023-01-30 14:59:45', '同性'),
	(8, '2023-01-30 14:59:45', '2023-01-30 14:59:45', '爱情'),
	(9, '2023-01-30 15:05:38', '2023-01-30 15:05:38', '喜剧'),
	(10, '2023-01-30 15:05:38', '2023-01-30 15:05:38', '西部'),
	(11, '2023-01-30 15:05:38', '2023-01-30 15:05:38', '动作');

-- 导出  表 woodwhales-media.media_genre_relation_info 结构
DROP TABLE IF EXISTS `media_genre_relation_info`;
CREATE TABLE IF NOT EXISTS `media_genre_relation_info` (
  `id` bigint(20) unsigned NOT NULL AUTO_INCREMENT COMMENT '主键',
  `create_time` datetime NOT NULL DEFAULT CURRENT_TIMESTAMP COMMENT '创建时间',
  `update_time` datetime NOT NULL DEFAULT CURRENT_TIMESTAMP ON UPDATE CURRENT_TIMESTAMP COMMENT '更新时间',
  `media_info_id` bigint(20) unsigned NOT NULL COMMENT 'media_info表主键',
  `media_genre_info_id` bigint(20) unsigned NOT NULL COMMENT 'media_genre_info表主键',
  PRIMARY KEY (`id`),
  KEY `media_info_id` (`media_info_id`),
  KEY `media_genre_info_id` (`media_genre_info_id`)
) ENGINE=InnoDB DEFAULT CHARSET=utf8mb4 COMMENT='媒体类型关系表';

-- 正在导出表  woodwhales-media.media_genre_relation_info 的数据：~13 rows (大约)
DELETE FROM `media_genre_relation_info`;
INSERT INTO `media_genre_relation_info` (`id`, `create_time`, `update_time`, `media_info_id`, `media_genre_info_id`) VALUES
	(5, '2023-01-30 14:58:34', '2023-01-30 14:58:34', 3, 5),
	(6, '2023-01-30 14:58:34', '2023-01-30 14:58:34', 3, 6),
	(7, '2023-01-30 14:59:45', '2023-01-30 14:59:45', 4, 5),
	(8, '2023-01-30 14:59:45', '2023-01-30 14:59:45', 4, 8),
	(9, '2023-01-30 14:59:45', '2023-01-30 14:59:45', 4, 7),
	(10, '2023-01-30 15:01:20', '2023-01-30 15:01:20', 5, 5),
	(11, '2023-01-30 15:01:20', '2023-01-30 15:01:20', 5, 8),
	(12, '2023-01-30 15:05:38', '2023-01-30 15:05:38', 6, 5),
	(13, '2023-01-30 15:05:38', '2023-01-30 15:05:38', 6, 9),
	(14, '2023-01-30 15:05:38', '2023-01-30 15:05:38', 6, 11),
	(15, '2023-01-30 15:05:38', '2023-01-30 15:05:38', 6, 10),
	(16, '2023-01-30 15:06:40', '2023-01-30 15:06:40', 7, 9),
	(17, '2023-01-30 15:06:40', '2023-01-30 15:06:40', 7, 8);

-- 导出  表 woodwhales-media.media_info 结构
DROP TABLE IF EXISTS `media_info`;
CREATE TABLE IF NOT EXISTS `media_info` (
  `id` bigint(20) unsigned NOT NULL AUTO_INCREMENT COMMENT '主键',
  `create_time` datetime NOT NULL DEFAULT CURRENT_TIMESTAMP COMMENT '创建时间',
  `update_time` datetime NOT NULL DEFAULT CURRENT_TIMESTAMP ON UPDATE CURRENT_TIMESTAMP COMMENT '更新时间',
  `media_type_enum` varchar(50) DEFAULT NULL COMMENT '媒体类型',
  `url` varchar(300) DEFAULT NULL COMMENT '豆瓣链接',
  `image_url` varchar(800) DEFAULT NULL COMMENT '海报链接',
  `image_base64` text COMMENT '海报图片base64',
  `name` varchar(1024) DEFAULT NULL COMMENT '作品名称',
  `year` int(11) unsigned DEFAULT NULL COMMENT '发布时间年份',
  `publish_date` varchar(50) DEFAULT NULL COMMENT '上映日期',
  `country` varchar(120) DEFAULT NULL COMMENT '制片国家/地区',
  `language` varchar(120) DEFAULT NULL COMMENT '语言',
  `length` int(10) unsigned DEFAULT NULL COMMENT '片长，单位：分钟',
  `dou_ban_score` double unsigned DEFAULT '0' COMMENT '豆瓣评分',
  `dou_ban_top250_no` varchar(50) DEFAULT NULL COMMENT '豆瓣Top250排名',
  `other_name` varchar(1024) DEFAULT NULL COMMENT '又名',
  `imdb_id` varchar(50) DEFAULT NULL COMMENT 'imdb的id',
  `episodes` int(10) unsigned DEFAULT NULL COMMENT '集数',
  `description` text COMMENT '简述',
  PRIMARY KEY (`id`)
) ENGINE=InnoDB DEFAULT CHARSET=utf8mb4 COMMENT='媒体信息表';

-- 正在导出表  woodwhales-media.media_info 的数据：~5 rows (大约)
DELETE FROM `media_info`;
INSERT INTO `media_info` (`id`, `create_time`, `update_time`, `media_type_enum`, `url`, `image_url`, `image_base64`, `name`, `year`, `publish_date`, `country`, `language`, `length`, `dou_ban_score`, `dou_ban_top250_no`, `other_name`, `imdb_id`, `episodes`, `description`) VALUES
	(3, '2023-01-30 14:58:34', '2023-01-30 14:58:34', 'MOVIE', '/subject/1292052/', 'https://img2.doubanio.com/view/photo/s_ratio_poster/public/p480747492.jpg', '/9j/4AAQSkZJRgABAQAAAQABAAD/2wBDAAgGBgcGBQgHBwcJCQgKDBQNDAsLDBkSEw8UHRofHh0aHBwgJC4nICIsIxwcKDcpLDAxNDQ0Hyc5PTgyPC4zNDL/2wBDAQkJCQwLDBgNDRgyIRwhMjIyMjIyMjIyMjIyMjIyMjIyMjIyMjIyMjIyMjIyMjIyMjIyMjIyMjIyMjIyMjIyMjL/wAARCAGQAQ4DASIAAhEBAxEB/8QAHwAAAQUBAQEBAQEAAAAAAAAAAAECAwQFBgcICQoL/8QAtRAAAgEDAwIEAwUFBAQAAAF9AQIDAAQRBRIhMUEGE1FhByJxFDKBkaEII0KxwRVS0fAkM2JyggkKFhcYGRolJicoKSo0NTY3ODk6Q0RFRkdISUpTVFVWV1hZWmNkZWZnaGlqc3R1dnd4eXqDhIWGh4iJipKTlJWWl5iZmqKjpKWmp6ipqrKztLW2t7i5usLDxMXGx8jJytLT1NXW19jZ2uHi4+Tl5ufo6erx8vP09fb3+Pn6/8QAHwEAAwEBAQEBAQEBAQAAAAAAAAECAwQFBgcICQoL/8QAtREAAgECBAQDBAcFBAQAAQJ3AAECAxEEBSExBhJBUQdhcRMiMoEIFEKRobHBCSMzUvAVYnLRChYkNOEl8RcYGRomJygpKjU2Nzg5OkNERUZHSElKU1RVVldYWVpjZGVmZ2hpanN0dXZ3eHl6goOEhYaHiImKkpOUlZaXmJmaoqOkpaanqKmqsrO0tba3uLm6wsPExcbHyMnK0tPU1dbX2Nna4uPk5ebn6Onq8vP09fb3+Pn6/9oADAMBAAIRAxEAPwB8l/JNKbI3TKWTzLuVTghf7oPb09hnvUVtqMt3PLM7GCyiAWNQMfKOP1/x9KxCY5WnsbR3dQ265fpuA68/Xj2A96vxDz5Fti+yBVLyHGOADz7DHA//AF18642PfXc6O3upNReJS7RwjjgckdgP9o9M9FGa0hNFJxlvsiL5krKP9Yo7D2zgD+8fauT0WQ/2bp086/PLAgitw5bzCygb2H04A9ye9WtFv2bSzEHEsz/LIfNLlm3uAuD0PHbjAAFRy8rfkS9bHRG4+0+ZKF27gEC5wI1PJx7n19Pwq+kxL/vTnyjg4HAc9sdyBge351x9heST6s0ZkBtpCxErMCnmRnoCOxX5j/u8dqtebLLrBUSyJZ28VtPPMGOIYzI+5mTvv4B9Bg9qqMXsRK1rnWxy5L3jgm3thshTOd8nb688+5+grSR5YXSMMGnkU5Y/+Pt9B0FU0ubeSWMqFMFsMxqCMEnufcn9BWfFNbXOq3z6tO6QyRobcM5jVogp8zacjJ3fKfQV0U99/wCv60RhIuw+ZJKJEkCRYOCenqz/AEAwB9aknnlt7dPvHzOUj/i29s+7HHXoPc1QvJQ2kxRRTP512VhgYPhsEE7wT2VQzZPU4qCCV77QLvUJ5jBMkMnnkNgpKgKsAe2CMj65oSstNwvrqaELG1gluZzul6qP4d3P6Z/l70luXQlXkYDcNxIySepJ/E9PpWNFczf2pai9WR44Ule3mAIW6AUBCwHAfOMj6EcZx0Bt5La3VJXAuCATjnGeWJ9/6D3oUe2y/r8Sr9ySeUMI1OTGrcL/AHj3/wDrn8KEaYJsAKyudqk9QT1P1/kK5wtcfY9UuPPCxQ6iI1bzG3KnmxZA9BgnjvzWhqtzI+rWLSeYlhJJJE2043Nj5FJ7Bju56ZAFaf3n/X9dCfI1jKCyiMnaq8E/ofyyfxp8eWd+SCTlmI+4oH86zNNlkTUL+IsJbVJo/KbcWAYqN8anuobH6joKb4cuRcaXbRvP5sw3GUF9zZ8xup/D8hTW+ouhtSSMAvBVAAqIeuT/AF7+1N81ix+b5UzlvVvT8K5t55Ws7i5tr2Q3qajMkCCYtuHnbSpUnptOB6YJ7V0ETcM6AbFO2FPbsT6n/Gqb1sJLQuC4WKNkOcH5QF+8fYVZRiqBZcBsFmVeceg/+vXKjcviH7J57FJkM7Heco0ZUFVPZW3Bjj0b1NWmuVTVJTdPiKa2VrVWcojNvYPzkcqoQgZ/iJrWFQiUDaeU+YQBlmxhf89BUkTYyzEt2yONxPp7Vzzm8bwdfEPK0/l3BgmUnzZFDMIjkckkYwe/WtIXCTamgtpxNCLU8q2VLM4wfQHAP4VSetyX2NAszxhf757elSqQMjPT9aijK/aEXryAx9geaxPD5kls47h7mSRHhG8M5c7g7jdz0JGBj2zWidiLHRh8D1J70qFmPXOOv1rloLuVdalMksqxPd3EC5k3R5+TYjD+Ej5iPxHetUuU1+GESsFNi7FN3BIlUZx64z+FUpXZLRsFyF4zjuakUsQByT6CsRpXh8QJllmjkXaEDkNbOqE8r0KMO/Zsdc8OEqtq93DqEhjh8qNrctIUUrg+YQQR8wbj1Ax61omQzbDEng57Zpd2TgdKwFluz4RzdTzRXBiwZlO2QAvhW9m24PTrUtrPeDWFtb5T58UEn71ARHOu9AHHYN1BXqD04IqkyGja6nPNBJ7fmKxklx4ouEaVcCC3KI0jD5j5oO1eh6DP/wCqquutONQUQtcDbZNIfIY7lxKmWVf4iFzx3GR3qrk2OkzyKM4qCO5hlKeVKjeapkQKeqZHP05FS7vSqEfO0C2ttB9nKFokbdKqDmZgPljB7An5mPp9akSTCz8qGyv2iZhkF+uxfYdPoD61nrLh1nVwisSkOc9Opc/z9+KvRMmS+zFtDGCN3Pvk+pJ5NeBKJ7sWaTloma4jR5LllCIS2PK3f+zH9M1M9zFFAkdmvH+pgfoFHR3PqzHgegFU3ne4hMfzJHwj7MbnkJHyKfXHGfXntT711jaG0tnQXKjHH3YmPG//AICOFB9MmsVGxbkaEFu94RYptjsLfHmjoZWHOCfc5J9APpWpp832m/XSbZi0kpFzcOF4c5wOfQYwB6/SseOZbfS1W3wWnJSE56RD78h92OB+NWFjBmE/loBLbizhAJDkhyzsPqDj8fahITN83lnJYDUI2FvpirvjkdSNxIxvI+nQen1qcahC06QshEhiDQwTRkARLgbsHqckEjryM8Vz9na3F74etbaeSNIrSGOK3CjdGzxsG3Ed0ynPr9BWjbJcX9wms3mxPlk8hEfJIbALc4wDgAD3yelX6GTXc0X1GybUBbTSuJAyxvIyHG5lLhQ3qQP0xTZrlJLlLYeYryoJPLEZIERbALHoOeT+FRWmnbbi4urhIWkuJUMQLE7VRNrMfxyM+maqzQSXWtvqCLG6CBYl/euGTEhOQoGDnJ4pvbUhLU2xKrTLxmKAhtv9+Q/dH4D8hVZr0NdTjE07oT5pjjLBcAE5PtkcDPanOi24SAufOXh3zxHx8w9zzyapWdvcwJdiNIVgvpmuCzyMj28RPKng5yQW4wece9XFN6MHoWp74Wdu0lywigjKh5G5DyMwUAeoyQB9STU0s/2KGW5upFiWNf3zv0iyQMcfUAntUF/p51YQQkMliyOscUZ2yAFdq8dP4mbrwcemasst02n29kzQ+dF5Ulw6nKOVdScZHQ4JAxyTzxirUe7Jb7IkjdBdGBPvrHuUKuAwztyD0/8ArEVa+zgfuolUyPy7jAwD3/w9sVQttKbT9SkigkBtBEEhhP3oWLbmTd/cGBj05HTGLUk7yt5NuTg/8tP7zf3j7AdPwq7KN0xK7GQSxXUPnQBvsyKCJNm3zc9NpPUHn/JptlcLcW5uQZFVNyqWQqu4MVOCeuCCPwBqtp9gLMTQKRBZlhJ5YcskPy/PsyBgE5bHb8cUaVbSQ58yGJBNJLLCiux2o0rMCykYB2tjilbqMtwzpLL9lhinDqgIDQsBhyf3jMexKkD6VbhjE6+WfnhyAePvt2AHoMVWgjlk1O+uS4EMscUKHPzDyy5P5l/0PtVtESO3Dyj5cfKg7D0+pP6VpFK+hDbEiv7eeOCeORnaZWkiAQjbtO3cw/hIPAB759Kia/gt/OdnKrEcSOEJSHuWcjocHJ9M81BbWrxXWoTvtC3MqzfITkDYF247EtuPHrmhdPuooL/T0aErdvMwlZjmEScuGGPmwScc+gPSq5uZk2sjQuJo4GQEkefKIIyFzufBIHHQYBPpUtoUJkiiB3QvtkJXGG2gj68MD+NQXFlvisRa4Aspo2iVyfnAVkwSOh2sTn1qa2R4fOJ2BppjKdpyOiqBnvgLnPrWyS3IbexLdXMFnbzTSM3lx4Dsq7u4GMDryRTZLtLe1mu5lkSOJWdgyEMoXrx+FRaram60ieyiKKzbVAcnHDqxyRzk4P503ULNrnTruzgKo08MkSF2JC7gRyeT1P8AnFU2SkX7a4iuWl2sS0L+XIrKVKtgNg+2GB/EU6K+juvMSFZW2SNGWaMhdysVIB9iKrWltLZyXC70khkcSqXJLoxABUn+IcDB6gcelN06xltJLgMsWZZ5ZN6OxJDyFgMEYGAcVomZsuw3UclzNAgkaSJtsj7DtDbQ2N30YVYA9T05qjaWTw6reXTrCUuJQ6sHbcFEaJgrjHVM1biaR1HmBA5HzbCSAfbPNWiGPyTwT9aXkZY5z2A7UL94nj0FI7dupqiRcnOATk9aXIUe/rTFxSj5u1NCsfKouHuLksB+6UblDDHyZxnH+03H0Fas13JNdJZIQBCQ0rdQJOuD646n1OB0zWMJ5FmEaxg3BIlmI+6hxhF+ijAA9cntVi3ULeJYDJZcNPlsdc/KfQnkk9hkdq8uUT1os6SG5OFdQfIhISCMcly3Bb6sTgH0ye4qxOsP214ZCm4SBbqRO79fKU98Dlj7AViR3kl263NltjjDFLDdwGYcNcN/sqM7RV3TreO3K3SrJJHblo7RXPMsx+85z6ckn1+hrncLGqkdC7ATmZ2RX8tRhhxCg+6mO553HHcqO1TfZnnkG0OG2fZwBgmJf+eanpvY5Lnt07c4EYuVuAyNvYcq+CT5j8hsf3iOVHYYPcY04omjthFEHmRMxlUbhyesan0z95u/QcVLVho3CFazt7cShopTtfyj94eg/wBn+eM9xVyaTzZ/IhQmUBUA/hiA6D8OWNYi3L28oG5JLiJMt6Bu5x6DOAPp+GnZQuliYGZkmnB3yjqFPLH8uKzt0B9zQSaOVDNJvS1XEcY6NIBwAPryT6fU1feOO0Z1Uxq0YDtgcGQjgfRQM49qyIHi3RXDERwIMWkJGSwH8Z9vT161ISXHkGQnd81w5GSoPJUdtx7+nTvWl0ZuIW771MyMSQpEe7ooJ5c+pPJ5qx558xVaBmRcBkPJdz0X8Bj8TULyu862yxIS2CIlAxn+ENjsox9cVM4a3JiUl5BwNvLFmPYf3ifyGKF5Ay7FOESRmKliGDOCNqqPvYPpnjPfB7UyO4ZhGYxzIxYAjn6/h/npUKPDDAYWeNkhGZiOVLdlHqoxx69aSBp5YjLHEyxA4+8D5rf3R7Dua0u72RCXUnaUEeUDmPJWRx1YjlgPz5PvjtUzyMtrlIwA3HHfPQZ9/wCQJ71SZo42aQgIibY/LA6nrsx7nJPsMVNLkrHHv+Vssqk5Kk9c+p/mcDtQnux2HhY5IFRizxEhV9ZOecegJ/QClV2ZZbh85PAx1bsqr/Oq0lx5hdlBWJWEMeOw6Ej1J6D3yegq4p8iFZGUEg4RBzlj2H+e1C1BokihEcyRyPtC4aXngE9BU8jea6xgf7QB7+n6f55qqgaPAlIkmZizd8t3/AdPc8dquwBYI5JJmPmSH52HOCeij+taQXToZy7j1/1wKLk/8swe56bj+px7UwsWDpGeuFLnoR3NKrFULlSHk+VE/ur7+9ICoIj3Yx8xPYe/8/yrRvQmxZZxGAifNg4AHGW7/pTUk2JyeSfmb39B7AVCvUsQRheF/ug8j8T1qdIskK3Udf5mtE29iWkh6IDtkbgjnHuakjGN0mMO33R6CmPIpU46scL9PWpMlQMD5sYFaKxm7kg5IAHC/wCcmnjhuR0qNHwhAOTnk/3jTkHUk5HrWiZDH5JXJOD/ACFOA7AcY9aYvzN6DGSac7YWqRDF3YHt1zTc9WPGf0FNzwSenpTGbPXoOeaGwsSZ3HA4z+gp4OScD8KjUhRz9409TgEnqTVJktHyvBMunCdgizvb/NI2eJLhuFUeuP6UyOJoIl05pAL6/JM8y8lEJ+dh7n7o/E96jiiitnCITcR2jfdXn7Rct6ew6fnTrdjBJJPNIJL65zvI4wuOAPQdh7ZPpXCz0katrN9uZltkMMZGyNh0igQ4/n+ZyauWWoi4u1MMQa3iJgt0H/LQgcgZ7epPQbj3NYi3Hl2U6xyCKIgI8mMFU7YHdmOcL2H41Lo7zIvlxxAyygQRR5+4h58sH34Lt6cd6xcdGzS5r28jxzl2leZmbMkiMf3jucbUHv0z6L6V1EcxgUwW22SePbboqDIMh64+h4z3I9BXKLMI9s0L7/KDeS2P9ZJ91piP7o4VB3PTitqHzdPszDFI328oY2kU/wCpZuGI9XA+X2PA6GsppFovR3ENo8qxoZEgbazH/l4mB9f7oJ/Gr0he6nj0yWQNOo83UJwcCJevlKB39T/hXOQTDT5ITbsslwoP2RDyqP8A89D6hcEj6Z9K1LMraRG3hJn3N88z5y5B7/UnJz7D1qGkkU7tmxJN5k32+cmMviO1hXpHEvc/z+pFNtJJAryJGPL3YVW5LMcfe9hwT+ArP/tD7SxKDOSUj3D5VReSxPpnqfQH1qZotqKx3pE4IRCfmKn7zn3Of1x3qba3YaJWNexmLObkFCrgpHt4JYjrx0AAyT6D3qaee30+189G3ygfuhnOexb6df1rIRpJp/JdjFEow6g/6teu3j+I4BPoAB3qyjC51Ao5VSmHlHBESDov1wMe3NUiWkSxoPPhtZSphjZXunYHMszDIjAHf7o9gDUj3f2y8VGj3xxdI4+Mn+FB+RLH6fjSvdYj/fSxvHGIgcPtwIyw+Zsn+Ijj1FVLjxNofh6wjnl1GKXzNu0WjCRnBxknHTA7GqSb0QttWdBJNEk0i7gfsqnfIBlQ56gfTgZ9qgl1EQiSWQN5+RFGgOck9/r2/wD1VjeG/FvhbxHHNa28U0N6HLRx6jIFSVs8EFeh6HBBx74qzoEd1N4guLqOWXzUIMOkThQrxbgHnEnPmdXI6HPam6bUrMFJWvY2VLB1jICtEPnIHyxgjk/73Yegq39qZlVmG1wuVx/yzU8cf7R6fnUVzatp+nNMZDLZE5Mi4ZpWJ457A/4/Sm2vmEI9wVMjyeYUHqBgDHoPT/69J3WgaNXNFZPLxLIixOVyATxFGO/88evJpUk81RM2VGDsQ9RnqT+H86ptKtw0qqQ+GHmSdiR/MDgVcg8sxmc5C9dvc/3V/GrUruxm42J8jcUOSQMkfyGajZlQKv3i5yR/e/8Arf0qPfuDEjncRnszD7x+g6UkT5mZzzs6D07803K4uUuKGVwmctuLOxPQ9T+XSp1yU6kluSfaqUGfMIPKgbpGPfvj86sCV3VmI6nhfU/4AVrCZnKI8vtfcBkIAoHqxp+5twXlpD3HrUW8ptCnLcjcPU9cVLbsA+R9OO1VF62Ja0LAURqFOTj07mps7Y2Lcn0H8qrGUF1xgjqPYepp6n5uTnBJb6+ldEZdjFonBwOe3J+tMBLOeeB1pm4s2R26D1NKjbdzN0HTHeq5rk8o9gCw9AOBTH4+opqMWf36/jTmALhB25Y0XuFrDscKf4uv0pxOPlGSaaCDhs8dqF56d+9UmSz5WvJBY28cMBCDaWLnqqHgn/ec/KPbNVdsolEEbkzOBJJK4+4GPBPqT1A/3R3NQFjcyySSgNFGS7knh2Xjk/3FHH/66dGXuBJcPu3M2XfGCWIOB7HHT+6AT1rmasdyZq3Txh7eLy0WKMbo0PIVR96Rv7zMePp061e+yFYHgSR45ZgHuiPvQxtysY/23/qx6LWbagvcfbbhAyiTEEJztldR8qn/AGF6n8upFMS5e+uHUSu8EbPLIx6zynhpGPp29hkDrWNjS5vWU6Qxm/B2xRMEth03so+97KvNWIp5IrvynOJQMNvHEZPPf0HJ/wDr1kTSGC+t95DXG1fs8JXKwx9RI/bcxywX0Az2qZpYVuXtpt8kzr51yc5ZVPKx5/vNwT/9as3EtM23lE0rXUs7QW6Q5aXgfZ4B6DGN7Hn8VFSvfS/ZID5P2V7nAgt85NvCPurjqWI5J9Wqjbut1Ahuk22iETNGeDcS8lc+iDBwO4UnoBmB3nv9QO2VhcSgYlzgxR5yz+xPQfUelZ2KublmsO64nuZttta/K7D5vMlB/wBWo/iwSB6F+OimrbanMzb1hHnlcRx7twTGfmY98cn3OT6VjwTwShI7NR5FuSkAPClhwW+gHA9z6k1pQstvDFcM6u8h/dIw4kx/Ef8AZBGcdDtA6ZpPcFc0UZ7KOKDg3kvCJnlQeWZiehOMk9gD3prOVs5VEggt2/ezTSHBfBwCcchewH1PXpk6bKbi4unkmKQuoM0rnLLFnPPq8hHT+6KddajBO/2q4HlWtujTtkDKoo++QerEfKi9Bkk0W1sBzXi7xM9uyaFo+1XeNvOkIAZC3DA5+6doJJ6jPUYrz2W5yiRIfkRQGYf8tCO5/DinXt/Jd3NzOcqbhyzAnJCls7c9/c9zVaGKSaZIo13SOcKK9SlSUInnVKrk9DpPB93bWWpfbLiVUEasFz646n0H/wBf2r2rwj4ksteYtbz7rxI/OjkGA6Y4Ix26dPSvnSYeU5hV1dVPLL0Y/wCFauga3LpF0DAGQSnbK8f3yuOFB7c4Pv8ATisK+G9o/aLc3o4jlXs3sfUWh3kcTNayIfsknDI4yNx9u1S6jo89g8l5ATMS2yMAfcHbI6cf/XrivhHFO3hhpdQmkdprt5bVXJ8x1GNzfTnivWrWcSx8cEHAHtWVGmpJ05vbZjrVOWXPFb7nEC0aKQ2iAiJFDSMf4jnoD6Dkn/eNWvtCEgozLEoyM43E9se5/TiqmoyMNQuYEdtsk7gAdMZ/l/jUVqyrI90TkD91EPQdz9Sc1zN2dkdFrq7NJSeIsDOBux2HUKPb1p0ciLBheVJJGe/PLGmImyJ3kcDJ25Hp1aqplaVgkYwWYRqP7v8A+pR+ZocrE2uaKANhAT5XVierE9B9an3lywXBHTjvVcN/DkLCmeR3OP50gmxGVUYY/KMfr/QfhVqViHG5ZZiF2KfnI5I7ew/z2qSM8rGpyg4yP4sdaqGXZkjC7Rge3FWocQIC3UjHJ6+lXGV2RJWROh+Y88nvjp/+rtRuAUsThFGDj+lV7djKpfP+sPy44GPX6U8kyyKqn92Pu+57mtVPQhx1JY2KLuOMngLU+eAhPJHJ9BVUMrEsCCi9SfT0qVXH3m+v19P61cZkSiSq3loWHDv0/wBkdvxoeQKMD+L070xWMg3ueMZzikcAAueOwHcY/rWnNpoTbUczlzxgep+lSCQIN2cZ4H07VVL7RtA7YP8AhS8knngcZPShTE4nytGn2xgVAito8MF7YH3B7kn5se4zUtpClxlefJVSd2eB/wDrPJPsKild7gra22Iwc8k/dTu7fUfp9RU8kKjfZBmS1jObhz1IAzsPphfmb3IFTI6UOuD9ra2ii3LEybYI/ulo853e249PbLHtU9tJAlyIYmSaC3YSTlRiMkHAXHoDgAHqTk9DVKIzTzrcOjie7/1EaY3iPoCPQkDA7AAnoBlZhC6C0idRZWx3TsnAlcA/Kv8AsqMjJ7Enq1ZtdCrlhb3yGuL91866uNxjJ/iyQC/06Ko7/hT1R7YfvpPMu55j8uf9fMTzn/YU8H1xgdTiLTVSS3n1a8bZEjblReGJHCKv0z+ZJqSwiBjn1m7G0qu2FAfuLjAA/A9ff1pPT+vwGjRlkYROEl81owQ0hbG5uN7E/gF+nArV0y3kubR40njjkkUSTy4BKjB25PTGAcD0BPfjLhgxp8MMiBWuFV5eDtjhB+VT7s3bqcAVPeSxmRtJgkkWNGDXs68lmOCyjHfhF49gKweuiNES3DWlnZbYBLJD5ggRFH7y5f8AuL6DJ5x0Bx1NWry3uZYEQyxrdSAx71OUUD5WYeiLyq+pBxVKKOee4F1IRbQ24MVnAD0PQsT7dz6k46CrV6BFb/2baOwuHjBnncYMSgY6diB27fU8J9hoNPmWSzaKMulnE2yOQDMkz/xPj1wP5CsPxbeFdPlSBwoDqm0NnDA7sbv4iAp57nJ7it2e3EbxaZakwtbxjzGIwIsjvjvjnH0rl/F0qT6esVp5cdnZOqiPqzsR1OB16ZPqwHatKSTmiKragziSSzFicknJJrR0mSKIXpl35NpJ5ewZJYAYz6DufXGOlUY0QyN5r7UUEn1b2Huatae8KSzT3CT8QSGAw4AEoHy5J/hGee9elLVWPOjo7lMnqerHnOa09KhskvEk1WTZZDdkqhcuQM4AHbOAT2z+WdCIw6+YCV7hTg4+vataaWC7ZdRaMqAgjSBlAjLr0VAP+WargnPJ75LE1M30HFdT1T4d3smqaNeaRNcXdpffbBfW8qRncsbBVUHHA4XGOBtPFe26Slx5UYvJmkuUB3OQOckkZxxwMflXzL4U8X3WjvFrDXaG6W5jtdsisfOi2knJJxw23OPU+wr3bR/FcGomG8tZEMUmcBTxkH5h9Bj9R61wSkqNTml1O1p1afLHp95SmWTT45EuG3XTs0XOSSec4/Mn8DRbIsUQnmBIj+cjGOOw/wATW1r9nHPLFqyxZCZRkP3tx4H6YrMMb3LorYaFcMxXo2ADj6Dp9B71zTjyysvkbQnzRv8AeQXGoys4yAQAI40x1c8/kOv5VY/49YQcHzmG2MHqztyT/iaqwqsdwbqZWaQgvFGy/d3Hgn3J6CrMjCRWbIZ1yh6nBPX8fes79WU7bIeJNxVEO5YhgHP3mPU1KJQjbVILZwDj0/yT+NVY5AkLFCQx43Ht6n24H8qUxv5KrHlWk4BP8K9zRzMVi7agSznP3E4GTnLd/wAakuJhIWXnB+Xg9c9h+H86iTZBZqI+MjYnqR3P4nvUEB865LnIghTg+rHqf8+1XzW0RFru5phwFEQwSTg4747D0Ao8w5WFDmR+SR6VWDbVMhzlxtAHZf6Dt+HvUsecvt/1jkZb69h+FaKZDiWM75BGmPLTH447/wBBUgBmlCKBg8H6VWUhVYAjryQf89v51NBJtJIGWIrSMrvUzatsWyw+4Omck1HO3y4Xp2qJ5QuWHOOP94//AK6buypfdgYxk/59a1c+hCj1FClnGT2z7D1NP5fCJ0Az9feog4LiL1OXPoB2pwcsSVB56AHHFKLQNHzgYzplsyIymeQZDnoWByZG/wBhOcD+JsH+7WYnypIlwrLaW7Dzw45ZicrGfVmYbm+gHRaleXfKz+erFDl5icoGHf3VOMf3mwegFU5LpruW3trSJ8I22zgxlmkY8yv6uf04HatUmaErPd3EkoUkXlySJpO0MXHyjHTsD+AFR+Q0yNaWg3b3WJc9GP8AdHtxuY+1STyxwyNp1vMBFEMXE6/MeDhiPU/wqPx7mpgoiikJURLg26IG5Xn5lB/Rm9mqbtFJDrkR3bxW1vzbxNiNugf+9Ifbrj61oWduusXAjeTydPiYGQ442g8D9CT9Ky5EBcQwMd23fJgcgEfKPYYx9M+1XZpmgtks4EIhysaoo/1znqWPpkbcD0I6A1nLayNF5l7UNdCam8ttCHWJv3CMcl5CMKze+D07ZxV6whe2CBtzFM/OON8rcs34c4P9SKxLRLabVVSKRnW0+Z3TrLKT0+pP6VdvLpppl2MwLHYFjb7xzg49s/KPU7j2rOS6IpdzXuLqKzt2uzkzSsBBCo+6ifd6ds/qSe9Jo1uLW1a7uNs1w7GTY/SaQcjceyL99voB3rOWSDUdWS3VcxQna2zkEL1wfTPU+gFbN7cxNAkdsnmJKwVYj96buF/3f4mP07YrN6aFb6mPd6kbO1uHgeSaST96JCAHlc5zIwxwP7o7DGaoNbRW/hu4t7hQZ7pHmmJPKtyUTPXg/MffA71buFMEpcSJK6svz4ASWZueB/zzQDOe+PfilCqCOS8kmnYZ4eTqWJyMZ79/qfatYuyIauchBp4+23Ed/L5ENqx89hhmJBxtQdCxPA7dzwKbd3SSiSOS2KbVVbdFkOIFzkjGPmznk+vNdH4r0iKCMy2tpt8qJGnWNiRbsc5DZ+8zAjJ7EelcexyT3NehTkqi5jzqkXB2FHzeg9SakluGlCLjaiKFVckgep/E8n61F2x+JqeG3DBpZciJDg46s3ZR/U9hWjtuyFfZDN7sqDJ2qCFHp3OK1tN8Satos0TWV7NB5IIVFPyjPseM561Qa4C25KgCaUne3t2VR2Hr6/Qc1iMDrz3qXFSVpIpScdUz0vSvjT4jtWddQSyv7ab5ZY2h8ttvfaVxg9cV3GifEhbgoL3TrfTrbyGuHaadnMdupHzttXOWJAUY5POPXwG3kEMglZFcr91WHGfU+taMmpyPos8LktNd3SyTSE8sqKdq/QFs/gPSspUYtqyNIVGk7n1Rp50rXUs7nTJ2mF9Ab2NnOcAEKdw6gjO0fRqgurCWGVoBGw25xnuT3J/z3rwn4Z6/daTPrcVoWe9bSne1RiSreU3mvHj3QPj3z617z4a8V6f4+8NvLaP5eoW6DzoCcshx691PPNZVcNF7LUqnWkt9ig0R2pGzllVsnnh27D6dvwNSO+ZCA2QTtz3+g9v8abcbYSBnLt9wd/rj17Cq7SSPLsUBdnDbRkJ/n9TXlvTQ9BalqUtNIUHYbQB0AFSxx7kSBclS+XOevt/T86qPMIP3aD525OTyoz39yc1ZjYSRlgxVdpXPv3x/L86XUT2JvN864ZgQIY/uY7nuf8KsIzbAicM33m/ug9vqarwbWywA2r8oHv8A/WqWUiOMQxDGcs7k9P8A69axTtzMzdthxlCws3CopwPc+tPEj5RRwW6/7IH+fzzVDeC6bchV5UdauIOQ2OcAY9vShSbJcUiRGyrSSEhQcKB3/wAj+dLNIRj++TwvofT8KYZlTMs5Hy8gDoMdv8fwqoLrDD5cuQScfwL/AJ4q27K1yVG7uWxIA2AfujLH3pqszZwD6nH8qYqFYwucMTlz2UUocbcKWVeoPc+9PXqB8x3cyySQWFlE8qBuEA5lYdCfbPOPSraxmzuZba1YNdGHZPdn+An7+09hj5d3oDjlqjjWTTBMGY/2lP8AJIV6wqf4AezEYz6Dj1w8W7ll0yBl+0THM7k4WMY53HsFXk+mfWu2T6Lb+tSYrqytGqJH9piUx2dsQitj5pZOu4+/PA7cehqvBcZLSyKDBCu1Y+u5jzt/Hkk+mfWp9RvI5YhaWRJ0604iLDHmsTzIw9zzj0wPWp9NtUtLH+07uQqI+YI+5Y/xH3OM/Rc9xlvRXY+tkW9PP2cgynzLl5eY9pBnmIyF3dlXOT6Y9cVBNdM0omhYS3MpZLdsYCgDa0gHZR0Ue3tWYLrBaWYsHmUqVXjZF/dHu3c/U961tOTbaS61dBADgRRDptBwij2yB+RrOUeXVlxlfRFhYU01PsMZO9MCZ16qW6/8CxwPfJqxauZpZRAgXYNsRj/vn5Rt/wBlFzg+2axopprl2SLDruLzTEZ3SHqR/Ifia0bSdLe2kdQDGFMYkOdrN1P/AAEcjPcn0rOcWl5lpotWwgtSbcHH2kAFVO5vKHSNcevQn3/O/q13FFK6FisdrHuumj53MTgQoT/eYYJ9FPYVk6JOLrU59QaERQxjEYbnYOo57ngVKFgnuAbqR5YoM3DxqCPNkPCr7AdAPQ/Ws2rS94rdaD7KA3YWbUnJiRTLKAeD0O0H8l/SnyiW51H7TiJLe1+WFSCI1fux9cHj/gPtU8Uck8Mks8pSJXBkKDgsCdqLnr82T/wHPpWbruqJp1jJFECsw4Xa2QHxgD6IMn/eOacbylZCk1GN2Y/iTXFnV9MtVIiExknmYYeZ/f0A549fpXNDrQeT60qttOcc9vY+tenCChGyPLnNzldjl4OCcY6n0pXk3YC5VFyFGeg/xph7Dp7UKM/TvVk3Hc7d/wCA9qFUO2CwAHJJqVwTAjngEkRJ6+rH/P8AKoTgcA5pIbDO4/yFWZ1eFIFcgkxh1X+7uPf8AD+VVw2AfU8H6UO7SPuYkngc/TFFgT0NDQ9Zu9A1u01ayK/aLWTegcZVuxVvYgkH2Nd94e1vT/C+tN4o8N3dlHbyAJPpN/KyyweYeYlIU71BXIcdgMjPB84+zSCzS6KMIi5RSRwT14rU8Ma63hzXYtRWCCd0UqPOiEgXP8QB7jH86mWq0KjpufS1ndWGtWY1HTpoXaXCvHFOkjws38Awerdjjp2pJE+zboY0Ksp+f5ec+wPX0+pr5gm1K4mubicy/PMxbOMYyeMY5GOAMdBX0H4J8Rp4j0iCAar9svbeGOERXBVZXdUYttOcsMBScjjsxJNcNbDaXjudVOt0exceFYWUP/rnO7AOdo/+sKf9tVxlVPkrxHnp9fqe351XKm4Yl3Y7yPMOOW/2QPyqeCCMBrid/wB3Gd2xeQW7D/63tXmK72O526mhHLsgV5CAMfJGP4vc/U0yWd5GZF+YnDSYPQdh/Wstr15LhpZMk9VUDhR6/X0FTK7OoiIKK3zyFepz0H+faqcr6E8ltTRiZVG8fMvqB949OP8APpU3mSAEsQrEEkj+Fe/4/wAgKrRH+JgqwxHYB23en4fzzVfzRJi4uW227k+XFjBkUcZPovPP5VopWM7XH3Vx5nlLCDtbmNe5H976en51YhjaJgqnMzEZPYHt+Qqi8wtN88uGmc7Ik9/f/D0ojkkMa7SQZOAe/Pf6nr7CpUrO7G46WRfe5DMY4wSinBJ74/nz+tCSbWPmfMfTPSqkki29viIlnbncOw9v8+9NjKxoC6gk9jzj2/l+dU5a6k8uh892XmwK1wIyGk4gduoycFgD1JPTPpnoDS3EjR2yxCQIko3E9SUzncSeq56Z5c89AKmuZCiJLeSLMASRFjAlfoen/LNQMcdfujvjME09/dTTTyEliZpGI446cegHAH0Fepa7uznvbQmaUKuXiCQgBjH6gfcT655Pqc1XvpZRIsUrEunzvnn5jz+gx+VPgnaCdbx0yyNvRZOQX7Z+g5P1FVYw1xNuLZYkks3JJ6sxqoxs7ilLSyJoIGurpUIZixyR0J9vb/Crmrambww2lvgW0Pyxqo+8ehb+g9vrVYP5EGU4ll546qmMD8TzVrSbaGOX7TeI3lRJ5kig4OzoF9ixIUd8EmlK1+Z9Ni1fZdS7LGLTSoLVSTPc9FX/AJZx/wDxTdSey/Wo1b7bLFaRR4tYcDapx5ze/sBz7DPrQb7/AEe7u541a8ujtiCj/Vx5+cgdieFHoPwpkco0+wLMC0rfM3OBub7o+nBPvxWNnbz/AK/4Y1ujTvLo20ciRum4fdRFzzjGf0OPpn0qhDNK8kMEYyzEO3YZ7ZPoBkmmTTrp+kskrk31z98AD90vv/tEY/l2oNrFZhIbtj9ox5l2uf8AVp/DEP8AaPVvQcetKMEkDlqbcusQW1sH3IkUC5hyOckcMR13HG7/AL5rg72+mv5vMlOAMhVHRRnP407Ur5r66Z8BU3Eqo6Cqf8q6aNFQ16nHXrObsthaB0zSU9VywHP4dq3MBDx9e9KNvQn5Rycd6H2g4XoOM02gBzyNI25jzgAew7ChPvqdobn7p6H60iil4BwefXH8qAFdtx52gZ4CjApAMnFIeTmlHv8AjQBYe4kktYYi37uEkRp6Z5J/GogeAoGT1Jx3/wAKaOcn/Ip2SBg8UrDuOxtHK8npz0962/Cnii88I6yupWSo8mzy2RwCrIWUkdOvyjB7Y/CsDJJyaUenYUWC59TWGq2Pi/TT4h0lLhVkYRyQyxlHjY9dp+6wznke/em6lILSEWsJBWP5pCB1PoP0H+TXnHwN1LXv7cudPtZJ5tLjiM81qCuwuTtUFm+6OSTjrt6GvV9c0W4R45EgwJCAI0bdsc/wg+uSTkivMxWHsnKC9Tuw9a7UZMwrRWdmZsERfeUNku/ufbufwqRJZBKwGDOxOJDwqnu/0UfrUl7a/wBlwC1iPmSr/rfK/ic9EX29T+PeobKOMM6Fw8iYNxL/AALjnYD6D9a4OVp2Z2XTVy3NKlvCi7T9mXCIh6yE9vx6n9aincNHJdTOFAwF+XJXHcL39APXBNMs5DqF7eN5kT3NoR5lqG+e3QjPmMp6tznjpxmqd8m+PYGLQqQ25Tnee2DTldakxSehXhna5vMt0UHCE5CD3Pc+p7mr63KyzkE/uwuCcdv/AK/8qyYmPkmC3K75DmSX+EDHX2AANWYpw4jjjbKyEbcLzs9fx7VHmaNF6SXzZXcttgT5nOeo7D6d/f6YpI7iViWD+USBt3fwL2H1PJNVpJA1x5Ua7xuyQTwSP6ep9vpTXl847EdQg+ZnA5dv8MVV2Ryngcssk8zyyKWJ+UDsAOi/QAVp2tvvSCJ2WN7pvMmlkHyxR5wGI9B1x6kDtVS3RN4llZxGBvO04IXPX6k8D8+laX/CQWl8WttbtyY5No+2WnEkYH3QV6SKvpwT1r2qnN9lHDDl3kyXxh4TvtAu4G3wXGmTqRaXlu+5JAvLbv7rdyD2xjOKwhG0W6JUz5igndwQmMgH0B6n2wO9dvoGq6Zo1hcaFrk0Wq+Gb+QNHNbv80Eq8qQDypxzg+4rO8X+DrrQz/aMF2mp6TcyYF7EvzIx5CSL/Ax7dj26YqYVL2iwlC2py8aMUNxITsckKGP3scE/TtV6wKyRm5uAGi8zEMGcfaJuxb0RRyfy7ms3LXM6rI+EGFPYKB2FaEU6TMzACOOFCI19E9f94nj6saua0CDHyIz3S7GLyyHJI4GAev4nJ9sU+4lM8sdtE6/I+7dnC7sctn0AAUfQnvTdjwaR9rlWRfO5LEYBToAPcnjjsGPesSS8fcdhxkbSQO1TGHN8ip1FHc0zdLbXX20M52sBbFvmKn++R3I5IHqazLi+ednxuAcksWbczc9zUM08txJ5krs7Yxk+lR1vGCWrOWdVvYKKKKszCn5K4APzd6QcY70BSeaAEAyeKcVxgA5Y9R6U4EKhCj5ifvf0FNOFGB17mgBWwuAM570w0UcdSaACl9qPwxQAe1ADs/wjoOaT3zmpBby+U0oRmjTG8gZC/X0qLvSG01uHvSg4pccY496Tge9MR0HhLX7jw7r1pdJe3lvavPGLxLWQq0sIYFl6jPGcV6Ponx71G0JGr2CXkYLBBCdjBS2QDng4GAK8ZDfn604Phhu6DmpcblKXQ+m7HxT4S8VQRTW2o2+j3ZXmGeRSAW56hsA9u1XJNOubK3CwR+chYiN4/wB4uB1YkdyefYY7mvmWzvksUSeJpGuw25VYDy0PZ+uSR2zwD61bHiXV5JHkbU54mbl2ibYx+mMZNclTCxlrs/66HRCu46dD1DxFqMnhfxho2rQ74XuX8u52naSVxtyPXBIOe3Hau41OzW4u2t4gIbVsMXC9iAdo6HHPJ/CvnrWfEuqa9Z2cV7dtLb2RKwpJIGcFhyfUjgD0HSvVvh58VNOu9Ki8P+KLhbWSHi1v3OEKjojnt9elZSwjcUr/ANf1+hqsSr3NO5t/Kka3kI8hOJMDiTn7o74OOntUpxbxCRywmly2MchfYdhgYrn/ABN490u1vtsc39p3SrhIrRw0St2BccH6LmrFne3mv6KL27s5rOd59ptiDmZMZDAnBAyMEY+ntwyozirtWR1xqRloiZbrzC+3ILnBX/Z9P8+5qa1VbhTcTuyW5O2MqOZD3IH90dKSOzjQMsx2ov8Ar3XGduc+WD69if8ACopL1biUyRxEqBtih7Ig6cf5/nSSG32PGr93jf7I2GcPvn293xgLx2UcY9c1XkiC4GdzdGx3b+6PpwD70gVVUkcSMeT2jX/H/PelZmmlVY0KhRtjUfwr/j1J9zXvLQ8i9yrNH5bcEHI61pab4o1nSLa5trO+dLe5iMU0LqHR1IxyrAjI7HtVBsHkfdH8qrnqaqye5N2nodP4i13Qb82Mmj6I1hNHbxrcMrhUllC4ZggyBz05/CsO31K6s9htpfJkWQSiROGBHTn0qpSUuVWsHOyWe5nu3V7iZ5WRAilznCjoB7VEaKKoncKKKAM0AFSzW8tvII5kKOVV9p6gEZGfTitTw6NMi1Ca51Z9scFrNNbxshZZrhVzEjD+6Wxn6YPBrMad5riS4nZpZZGLuzHlmPJJ/Gld3AAgABY4z/KklkEj/KuxOgXPakYnucnvTM0wuPUEgnOAOKCNoyfwFLnYAxHP8I/rTCSTknJNAC7uOBikAJOAOTSd8U4/KCO/egAIGcDnHenR8sMnA/lTBUkSO77UUsQCxx2AGSfoBQwW51OjzpYTmCPYY5Yv37uwA2n+Ek8fUe+O1XZ/AUmqW/23QyCzrvFrJ8ob/rmx/r+dc5Zm1ieOeY+eY/mWAgkO3YH2ruvDGoTLqDfbrj96xHm452DsvoPoOledX56b54PX8z06ShUjyTX/AADzW5tZ7O5kt7mCSGeM4eKVSrKfcGocV9Z33h7RPHGlxQaxYByVzFMPlnhXsQ/UfQ5B9K8G+IXw11DwNeRSCT7bplyxFvcquGB/uuOzY7jg+3SuulVVSPMcFSm4SscLQD3NSTwSwOUmikiYHBWRCpz+NR1sZhnH1oHfFPhgmuZRFBG8kjZIVFJP147V0Ft4bm1CO3ttIs7q/u5iTJKsbeXGvYjv6kk9BjvUuSWg0m9TnKM1614c+EDNJOPEUN5BPCCVjZhFbTD2nAbaR1wyj8ea8y1VLFdWu10wzGxWVhAZmDOUB4JIABqhGr4U8UDwtqP2xdKs718Y/wBI3ZUf7JB+U+9dvpHxF1/V9eS4s9F0xbRJF85JCxAHf94xyDjPQfhXI6DoWl6lYXq3H2lbqGSNVkRwF5Q5GCOfmH5VrHwHaxQbxqF2pP8Asr6cDA6kn8hXDWlR5nf4vvOylGpZdj0vUbjT9Zhu/wCx7q1nkg+d7OJ/nCZwNuQNwBPJrm2kaKWSKFkdUOxpc4VmHUKe4HPPc5rJtdAn0FYprW/hhvduxPJtPmyevO7PtWxqN+08sSssYkiiEbmGMKHYdWwOMnjJ7muO0W/d1OpNpankEmd5JXC+mafDlty5ITbmVh/d9PxPFEgZ5QqDLPwg/r7f4CmylVBjjfcgOSw6O3r9PSvYZ5q0InYFySD14FV2GHOamzz70wIvzbi2e2KaIeo+Gxu7mCSeC1nlhi/1kiRkqn1OMD8ahCM5AUEk9K0zrWoNoS6Gtwy6cJjO0S8b2OOvqBjIHrVRcIPQ9z6UrvqOyGfZZAMkL97aBnOTQIMtgtnnHHepN5PscYHsKtWiBVaZsBUGBnufT+tJtpFRim7EJskjQF+XI+71PPQfXvTnSOFfKyqtn53PQH0+g71esP7MlSa51DVja+U4CQRWzSzSA8sy8qo+pYdaXWta0u4sYrDR9GSziVt0tzMweeY9uQMIo9Bn3JqfebsU3FbGdc3oSJ7O1OICx3ylNsk3PG7k4HH3R9Tk1RHWtKGxjutCnulJ8+2kAIA6qf8A9RrNzx71cbLYyd92KSMcdKnt1iSNrib5gpwkf99vf2Heo4YjMx7Koyx9BWpqWjw2Ghadevdg3d6DItuF+7Hz8xPbnH159KfkC7mQ7tI5dzlick0lJVmztWuWcBSSqFhzgcdz7UNpIEm3ZEK/Jz3PT2pKOvJ70UxBUkchjjlVQMyAKT3xnJA+uBUdL70ASiQgDHXv9a3fDepz2uoRRwxebI7AKp9c9/b1rnhxj1NamkXX2C488qCSNmT2B61lVipQasbUZNTTufTnhfUVnRVldTMwDSMuNoHZR/jWn430l9b8Hyi3c/aLVhOm09dv3h/3yT+IFeaeDtXe7eVkRlhRUDlRwB6H3HX8hXczfEnQNCsoZdVultmuIw6wBDJIQc9UHI4x1x1rzsLO16UjrxUNVUieSJE12Z5r2NLlXZgTcDcox1PzdAPzPJPpXP3/AIZ0y7LPYCWDoEVfmD/7RU8gHjAB9K7/AMRR6ZNeXkumzrNpki+cksRypQjhU55O7dnvkYPSufaWGO0MURMDygIZuvlr7Z6t2H4nsKlTlCTSLcYzSuczY6Jr3huY6nZajawyCAMGhlEgdWYqY2x0PynKn0rY0m88UQ2yw23ieewtEYlxZxCPJyCTxjcc8fp3pSoluNlvCkVlAoWIbioX1dj3Y/565pskpcpBboMZ/cxoMeYc4LseoQfmTjHts682ZKhAh1efxPqVo1l/wk99fHG1oHUx+cGyGDMD8wGFADdcnHSse9+H3ijT7F7ubTgUSRI5UjnR3jL8puUHIBBBB6c12UATT4/MfBdhliDyB0z/AEA/+uTVW6+aTULk7YYgUt484y3f+n0HWiOLn6ieGh00GaLYro9hDZuqvNuMtwVPy7yOFz6ADH51uCdI0eaTkrwinjcx9ffuf7o96ybVpRJGpUtNIofYBwinocH9M9ep9KVZVlAuXZTDGSIlB4cjkn/dHUnua5Z3k7s6Y+6rIt3V7LZwNO20313lI9w4gTu5Hr6D6CnacqWqkiMM7DA8w/NtHc+5zn/9VYTXrXE/2uUBlQ/u4ieDjkFvbvirenGS4Mkk8hRRjLjkljzjFacmhHNqefShoUG7iaddx/2Y+30z/LHrVZmHbp2p0sjSSuznLMcsf6VHu5Jxz29q9ZI81sG+QY/iPX2pBnOB1NJ79v505RjJPfqfWmIdwgB79h/WjHGTTc85PU0E8c9BQO44dfc0ksuFCjOOw9KTdtBJ6/54qEks2e5osDdlYTrSikopknReEnSK6u5riIS2sUO+RWztJzgA47cmsTyRNcSeTkxLk7sdvWkg811eJHKxvjfg8ED1q9OyW1msMfAf52Pc46Z/GoejNErx12Ksk4W3+zxjAJ3Oe59B/n1quzvIQXZmIAUZOcAdB9KVj8uf4mOTTVHGapIhu4qqWNbFvE6RLawtiV8GT2HYf1NVLNQkbTEgtnaiY+8evPt0rWitooreSGR2WVl3SvjJY9ox7nqT7VlUl0N6MOpi3sapdMEbeCfvevvVc4BrWuIIJtMuJw0CXKSoxTcQQhLDCDuAdpPORkVj1pB3RlUVpCk80uR+FNHJoNUQLu796eJWGMdulR0UBc1dM1O4gVreS8uYrB2D3KQHBcf3ffOSMHjJqw+qPqHiqfWJNOjvBNcPO1pLnY6knCnBBwAQBj0FYwBEOSwwzfd+nc/nV7Sp5I7+DbqLacnmKHuVLboxnlgF+bj2qGkrtFpt2TPT9AbT08Iyaa5nt9Q065eWW2miKSG3c5XIyTvGc49DWdqd4JHjm8nzDkeVEeVLHgA/zP09KwYbyysvErjTLq5mghyRc3A+e4fo7MMnCsuevI71LqV21iXgYiS4YlTnoiDg4+vrXn1Kd6l0tztpz9yw26lkjb73msx+UscBn7v/ALo5x7Vv+HdOxpsmqXBKxSnyYJGHzXMuOFUf3eeT+FcxawFw11fOWhIAEfeX/Z9lHGT9BWq19czvGZ7j5IVyvdIQxwAoH44A6nnsKU1pyoqL6k1/qDRjyd5ZwS0jt0Df54A6D8qppdC58u6uFH2eIEW8J4VyP4m/2R+p9zVOfzrh8Lym4hQTxnv+Q6nt9aty+TBGs05LbMGMFfvY6HHZc9BRypeo73NKa7MNoUlLB5wZJnY4ds9j6ZHbsMDqazjI88TrIQkYXLBeioP4fx/xpvmNdMt1cISoO5Uz154BPqTVa8k+RLSGRBufMzn7pbHP4Af0FEYA5D7YqI0ZlJaX/Vxj7xGepHbJwB9MVOZ7mSTybdhtjHzMvILd/r6fhVWJQpEzMyiXJXPDeWvBb29B9TVmBWS3VinlAHDY4wTyF/Afzq+pBxZ6mgAdzx3NDZBPqaaT0UV6J547O9icYUenYUMcnJ4A7DtTckgIOg5PvRnsO360h3D+Z/QUv3mGOg6UwnmlJ2IR/Eev+FACSNngHNM6ClA/KkpiCnwwvcSrHGCWP6D1plXrJvs4kkJ5ZCBik3ZDirssSWgtotgcksFIXby3/wBeqt07tuiZeVIBGfu+2fX2rrLLw5qMtgNUzFuCBkZ5MeWP73PFcpd3ssoMOQYVckYUDJ9cjrUxT6mk2rWRTx69B1pcgn+lS+SCq5Y5Iy3tV2fzb7Y9zcO7iP5SQPlUcKOPzpuViFBsmsoRGsMhUGRo96hhwvJyx/ACpZpY1QOgbLBgGPVs9T/n6etE07XrxxAhI44Y0kfp8qKB/TP1NVxm6nOGEcSDl2/gX2HrWO7uzqWisiJ2CW1xuZ/mULgNgE57+uOazq1tXlt0trK1gjAcJ50zMo3hm6LuHUbQpx2LGskVrDa5z1X71g6UUZpKszFpTwMDkjmkHrQKALV69sZI4rPcYY0C72Xa0jdWYjtzwPYCqwPNGMAHuaOg96SVgNXy59P0SK7VlB1Ayx/dBYImAcZ6ZLEcehrUnR5hbyzIWd4VaNScfuwPvH264P1NQa0gstP0mORYiVsZUVRhwzNK4L+3HIPrjHStd7q417TLa4v7giK0jW0mmVfmkRQCkacfe6jHQYya5qj0UjqpJ3cSh5j3kiNIhS2XAYgYDAfwj8x+fvStd/fiVtkIkJYr1Zsc/kOPaobnUA8zCNPKCLtCqciJf7o9WPdvUmoEuVIa4dAIovljTtn+pqFB9jW9jUedUZV27CQMpjhF6hR7/wD6zUIlOo3gJwYUy7tzhz2GfQdPzrMkchS0n+ulOTz9xf8AE1oRTCwgEQ4uH+eVjzsH8K49e+PcUOFttwvc055hMVtbYgzSNw3QRDux/wBo9AOw561TlsrcSswceWqheP5Z7+pNV1nMMi28ak3MuQ4ByY17gn+8e57Zqu91vbbHzHHzuH8R7n/CpjBrYGy6J2uJ/LTaqoq+YzcYUdPwzzj2qxcOLgrErKkajeDIPXvj1PJ9uKoxmOCKSPCsFw9xITzI/aNfbPH4E1BvEzyGXfId3Kxjlm7n6DgCqUdbkt6GIevPSmH9ac1NrtOIQnjA/GkzxRQOvNACj5ee/amnk0E5NO4Ax37+1ACHJwB07U0jBx+dPHHP5UEdPWgAQZargiYhSUOzGScVHaRGeTy4xl+uO/Hp61fSS4tZSHUsq5yp43VLZcVoXNKt/ttuLe9MklrGC0ahz8vsRnoayNUkhn1CR7aMRw5AVAMAY4rdtCkZN8+RbIuWXHU9l/GuYZt0rPgZJJ46Uou4SJQQDzyO/v7VY3s24scyOenQfj7Cqy5A+n86cAWbAOc9z/npQ0VF2JXkwnlocpnLN/fPr/gKkiMawiDP7+RwvJwqDuSfX+XNVgTjcPoAe9N6IXBHy9Pc0co+Yhmk82Z3/vMTTKKKsxCiipbZ44p1kljEirkhCcZOOPwzg/hQwGMNrFT2POKSk57/AJ0vQe9ABUkPEqEhSdwIVhkH6+1R05Sd2fSgEaGo6g+oQ2yzEtOjStJIR97e+RWm15Pd2CtsC29qPIRVGBFyxAB7swJ59qx9Oie51i1jt4o3bzAVjlxtbBzhs8H0966WeJ18LXlsI9vkasGl8xl3hmiOAcEHBwegx8vWueokrI6KTd2zAiVp5PIRlRc7mc9FA6sfYD/PNPnuEkmUQKVt4uIVfqf9pvc9T+XaocliIIV3Fjjjq5/w70TKsbkBxIcfe7H3+np+dXbUdySGdVfzX5I5BYZyf7x9T7VOZGjdXztnkG5R18oH+I/7R6j8/SqkQCKsjYZyf3cZ6cfxN7U4DcNzMWkkJdyePlzx+Z/Sk0rjUmSCURwlYyfMk4Jzzt9Px701G2jAPCnJI7n0pGkjbMUeApYF5iOcegHpRJIJX3IgSFBhVz29/c9/8KLDuI07mNVHB3F93q3r+FPiVljVtx3OMhQedvqfrUDAsDKcbc7R70+OUqSxJGe+OTVW00M766lNutN6mnN1pprQwGmkpaSgAHHNFFL7UALmkJyaP5UfzoAdwfoK1LXW5owI7yGO/hA2hJydy59GHP55rJ56U8EBc96TQ0blzrNm1gbWCOdE8vGx1VsN3IYHp25FYePlU4xnnPrSY49z0o3E4GSQOlCVtgbvuPzn8KfnbGR/E3X2FRegz9acoLNjt60DTHA55bO0dv6U2UgoSU7jBHQe1KxyeOF7U2RsqF6IDn8aAbIvekoNFMkKKKKAFoPSgDNPkkJjjh2BfLzkjqxJ6n9B+FAEdLnAxRmgUAbvhGOZ9eQ28qxTRQTzhmXcMRxO5GO5+XipYblpPDEln9ntyTfLKkiL+8TMWCuQOVbjjsR7ms/QliOsWQuGCwS3EcMjnOFVmG48c9P51anMmjapPFFmKW2maLaSeSrEbj29MZ7jNYz+LQ2hsrkMgFgWiK5uCuJBn7uf4f8AH8vWqZcu5LHdzkn1NMZiGY55Pc0q4C5P5VaViXK+g8MN3zcgjoO4pzuzsRn5jy3bGKhzg8/eNBJHyjqadg5iQHJ8tOg5JpxYEBOijrj/AD1qIMVQohxu+8aPYUWDmJWkDNnACjoooQgsS3Sojz9B3qaLaF3uuU6Kvr6n+VGwXbZWbqaYac3Wm1RmJSUtJQAUUUUAFGaKKAFFGcn2pKBQA7PGe54H0pBQTmgUAOJ9OtOBCrj8/emCgGgLj+p68n9KZIwJAHQdPenZxx370xieKQxtFFFMQUUUUAKTxjtRSUUAFFKOmaQUAbPhpDc+I9JtnOIvtisSFyRyCTxycBRx7Va8ZGzbxfqL2NxHcQSyCXzIiSpZlBbHXjcT/kVhQTvbTxzxuySxsHRlOCrA5Brb8X6tba9rw1S2Chrm3he4CpsAmC4fjp1Hbr1rNr37lp+6Y4GV3sevAHr/APWppb8T2pCTnJ+g9hSZ5FWTcX7o3Hr0FAz68mg8n6fpRn0oAXpSk4GB1700c/QUvpQA8AEhRx7n9TQz5b5c7RwM+lMBzkdv6U9CoGT37UDIm602nN1ptMkQ0lKaSgApKKKAFopKKAFopKKAFooooAWgcf56UlKBmgA6/SkboPSlJ7dqaaACiiigAooooAKUAscAE8Z4pKM9eaAFJzj0HApKKKAFqUMX254VeB7CohzT8nC+g7UAhSdzZ7Y6U0Hv3PSg+n50g5oAfnjA6Unv+VN/yKWgCQD5c54pp/nQT2pPegBRUimos9hUi9aAGN1ptObqaaaAENJSmkGM8nA7mgBKKsSW4W6WBZN2So3FcYz/APrpI7Z5TMFIJjUnH97BxxS5luaexnzcttf8iCipbiE28xiYgkAZx7jNOitjLbyzbwoj65Ht60XVriVKbm4W1V/w3IKKnitxIgZ5RGrNsUkZyf8ADkU63s3mmki3BGTg9+c4ockio0akrJLcr0VPbWrXKyEOF2DPI69f8KjEZaBpcjCsFx65z/hRdE+zlZSto7/huM60pPbsKnazdbcTbgVKBuPUnGP60xodtuk27O4kYA6fU+tHMmN0px3XS/yIqQ0tITzTMwoq0LGQxCUEbDEZc/Q4x9abDa+aqFpAm99iZBOTx+Q5FTzI19hUulbcr0VYt7RpzKu8IYxk5HH/ANamwwiRWdn2opC5xkknoMfhT5kJUpu2m9/w3IaKmgt3nuRCOGyckjpiiG3aa48nIR8N97sQOn6UXQlSnK1lu7fMhoqSeFoHCN12gkY6ZHSnRQGWGWTdgR44xnOc/wCFF1a4KnJy5ba/5EQp+cN7DgVIlsXtHn3gKpxgjr07/j+lLJaukPmucc4Ax2wDnP40cyH7Kdr26X+RXJyaWpWg22yTbvvkgDHTBx1p62UjxLICNhjaTPpjt9f8aOZAqNRuyXS/yZX6mjOKlit5JY5XXpGuT7/5GT+FLBbNcK5UjK44PfJ7UcyQlSnK1lvt8iHtR296WRSkjJnO0kZHtSUyGrOzFFPH5UwU4UADdabTm6mmUAJSGlpKAHmWQyiUsd4IIP06UqTSxMWRyrHqR9c1HRRZFc8k73HO7SNuc5OAM/TilSeSNCiOQp6j14x/WmUUWEpSTunqSw3M0AxG+OQwyAcH1Ge9JFPLCxaN8E9TjPfNR0UrIaqTVrN6EkU8sIby2xu68U0OwjMYPykgke4//XTaKdkLmla1yT7RKYzHvOwqFI9hyKGkk8sRHhRhsYAz6Z9etR0UrIbnJ9QoorT0uOyew1d7qHzJYbUSW584ph/MROn8XDk4/wBn602SURdTiPyxIdmNu32/yaI7mWFdqNgZ3DIBwfUehq9pFlZXkepG9ujbiC082JsZy/mRrjA68M38+1JrdlZ2Oty2tpOZLVfL2yk5zlFJP5k8dulTpe1i/aTWt395RinkhyY3K5xn3oinkhJ8sgZxkEAg46cGtfxZptvpPiG4tLONltkJETMSd6hiA2T1yAOnHpWMvRj7U1Zq4lOStZ7CiWQGQ7jmT7x9ec/zpTPI0rSlvnYEMcdcjBqPvRRZBzy7j5JXmbdIxZsAZPoOBSB2CMgPysQSPp0/nTaKdhOTbu3qSLPIsRiVsIc5HrnH+ApWuJHjCMQVH+yM9u/4CoqczFgowBtGBgY/P86VkPnltccZnaNYzjavTgZH405bmZY/LEh2Yxjtjn/E1DRRZAqk07pkqXEsYUI+Arbh9cYpI5pIvuMV5B49R0qOiiyDnkra7DmYsxYnJJyaSiimSO+lOFMFOWgBW6mmU5upppoASkpaSgAooooA6HwTotp4g8V2mnXhkMUiyOIo3CPMyozLGGPALEAZqjrd1ZXd4pstFTSVjBR4EnlkywJ5PmEkEdCBxx0FRaVp+qahd40izvLm5hHnYtI2d4wCPn+XkYJHNdd4+gml0fQ9V1qz+w+JLvzUvIXXZJcRpgR3Dx9UZvmU5A3bcil1EY2o6Zp8HgHRNTiiK311e3UU0hlJDLGE2jb0H36l+Hejaf4g8eaXpWpI0tncNIJESQoTiN2HI56gV1F14w8R6d8MPDlzb3vlk3l1bhjbREeWixhByp6YPPU85zVn4Z+NvEes/EXR7C8vxNbzPIHQW0SkgROeqoCOnrS1A8mBGAemea7zwx4R0m+0WNdXufs+p66Xg0QF8KjJz5knP3XcCIcHqxxxkY/gPSrzVfFdkLWf7Klp/pdzdlAwtYY+XkIII4HAyMZIrZ1v4r+IL7Wri4066S0sN+20g+ywkxRD7oyVJB7nB6k4pu+yA4eeCW2uJIJ4mjmicpJGwwysDgqfQ5GK6Pxrotnp2uWraNDKNN1Kyt7yziZzI+HXBUnuQ4YVpeLID4n0C28cWyDz2ZbTWkQABLkABZsDosi47Y3ZHU1teF9S01fAtn4gv3ja88JTzR2duy58958PbgnPRJBI30Wi4GV4t8FWGkeHI5NOm8/U9IdLbXlU7lSWUb0YEEjapzETxyo4rGTRrC2+HUus3iO1/eagLawG8qFSNd0rkdGGWVfY0vhPxDHY+JJX1l3n07VVe21Qscs8chy0nf5lbDg9eK0fiUkek6hpfhS3n86HQrJYndfuvPIfNlcex3KPwo12Ah0/TtG03wRb+IL7SZNYe5vZbRl+1NDFabVUqDsGS7AkjJxgdDXN6NbwXWuafa3CkwTXUUcihtpKlwCM9uCea6zwBbeIoNShii0G8v8AQ9X2w3kElu/2e4h3YL78YUockPkbSOvWqGkSHQviZHDol0txFHqf2WCcokvmxGUICMggkr3H1FAGV4osLXSvF2tadZrstrS+mgiVnyQqOVGT36VoHSLEfDGLWhG/9oNrT2hcSHb5SwK+NvTOW61v+L/HviSx8ba9aQXcCRQ6jcRxq1hbsQokbHJjJPHcml1vVtS1z4O2l9qTrJIPEEkaukKRjb9mUjhFA657ZoA4LT7C51TUbbT7KLzbq5kWKKMH7zMcD6fWut8W+GtFtdJi1Dw1dNeQ2Eo07VH3A5uAMiZeT+6f5gp6fJ71peGtV1LwJ4AudbSVYbrV5jBpSNChK7QBLcglc4AOwDOMsSQaqaH8Qry7vjpfiaeKbQNQX7NepHawxFFP3ZAUQHKNhh16GjUDjNNgS51S0t5QTHLPGjAHGQWAPP411vjPwNHpF1qV5oFy2oaRZXb21zx+9snDFQso/unHyydD3wazLjw/feG/HsGjXi5uIL2JVZRxKpddrr7MMEflV/xJrWo+Hfip4ivdPmMU39o3KurDcksbOco6nhlI7GgCj4M0mx1a/wBSj1CJ5I7fSru6QLIUxJHHuU8dfpSeDNLsdW1S8h1GJ5YotMurlQshTDxxFlOR7iuz8MQaDqrazrOiulhcf2LfJeaO7/6tmhP7y3J+9GccqeUPqMVz/wAMZbi38S3dxakieHSL2RGChtrCE4ODwecdaVxlSy8NWej2sGp+LXlgikQS22lwkC6ux2Lf88Yyf4m5IB2g9a5u9lgnvZpba1W1gdyY4FdnEY7Dc3J+prs5P7N+Ic7TLJFpfiqc7njlkxa6i5/usf8AVSnptPyk4xjNcdqGnXulX0tlqFrNa3URw8UyFWH4H+femhFWiiimMWiiigBRTlpop60AI3Wm05utMNABSUUUAFFFJQB0Hg7R7zXNeFrZXF3BIlvNOXtF3S4RCwVRuXJYgKOepFUvEFidN167tGvftjxsu+Y/eLFQSrcn5lJKkZOCDyar2GoT6bPJNb7A7wSwEsucLIhRsehwxwe1LqepXGr373t3sNxIqiR0QLvIUDcfVjjJPcknvS6gaPhnQpvEt/LZedOkNtaz3beVH5hARc4ClgMscDr3qpqlo2j6s9vC15G8YU5njEMgJXPRWbHX1puk6tNo93JcQRQSmSCS3dJ03KUddrDqOcHqDUN9dre3AlW0trUBQvl2yFV474JPNGtwLvh2w/tPU5LU3ktpF9kuJpZIl3MUjiaRlxuXOdmOTjmn3GjW7aLJq2m3z3NvBMkNxHPB5MsZcMUOAzKynYwyDkEcjkVT0nVJtHvvtUEcMjGKSFkmXcrJIhRgQCP4WPepr7XLm9slsVitrWxWQS/Z7WIIrOAQGY8sxAJAyTjJxjJo1uBniaRYXiEjiNiGZAx2sR0JHQ4ya6TX/CcmgabHJK+os7xW0r7rRVgDSRh9u/zCcruI+71B6Vy/ati/19tStVin07T/ADlgigFysTCULGqov8WM7VAzih36AZFbs3hq+/4RmDXfNEvnNloBlpUiLeWkp9VZ1dPYgf3hWFW3B4t1i01aDUra4SGeC1S0jCRjYI1UKBtOQeQGyf4vm60O/QC34g0zWPDFlaafNqkslrcxMZbeGd/KimVsSQsucF0OM9ua5tN4dfL3BwRt29c9sVbfVbqXR10uQo8C3LXSsy5kDsoVsN1wQqkjuVBqiehFCEdX4v8ACTeG7tUn1Tz55LloZVnj2SAhUYyY3MSh3EZODlTxXPNJGZlt3uJBZLJy0QLZA4LhGIGSB3IqXUtVuNV1e41O5WL7RO29wiBVzjHAqjjjH4UJPqM2/EenwaVPa2UOo3d5i3imxNCI1jWWNJVC4dv7/PTkd6oaRYf2rrVhp3m+V9ruI7fzNu7bvYLnHfGelN1HUZ9Uuxc3OzzBDFD8i7RtjjWNePXaopun3s2m6la39vt8+1mSePcuRuVgwyO4yKFsAt40yX8okuJJZInKCVmOTtOB1OR0/CtCw0oX9jdavqV88FnFKsTSBDLLNKwLBVXIycKSSxAHHUkCsiWRpZXkbG52LHAwMk5rR0jVZ7CO4gzA9lNhp7e4i8yNyudpx1DDJAYEEZPOCaHsBdm0yxuNPu9R0O6m22aq1xb3C7JVjYiPepDEMu5gCOCNw4IzjBWR4iWjdkO0jKsRkdxxWnda/PPYPYW1ta2FnI4eSG0jK+aR93ezEswGeATgHnGayjyMULzA6PXvB91pEcs1vcR6hbwRxNctCpD2xeNXAkQ8hfmwHGVPqDxVHxLp8mk+Ir/TZLx7s2kxh858guB7EnH50k3iLVJdbOsLc+RekKvmQjYNoQJjHQgqACDwec1V1LUbnVtSudQu2Vri5kMshVQoLHrgDpQr9RFWiiimMKWkpaAFFOWmU9aAButMp7daZQAlGR6j86u6Vc2tnqUFzd27TxxOr+WrAbiGB5yORwePeuws9f0/VJVKeG4ZriOCMSGV41QMmVBJOOHaQggnPC4ORTSJba6HA5HqKMj1H516WCt/qX2m28JXK2jW7WxgjEJ37Zo0Y5I6k/IWHIyCMZNPD294tpEvg+JvNadcQ3ELISUHmbG/vIiZAPRn5/hy+UnnPMcj1H50ZHqK9anlY39z/wAUasqtteSyDW+VBkGZUC5bLZC8AgFRyeg5XXNOubl0a40e6gv7gILaXzoliKrGu4lQMYGGYnIxk56GhoFO5x+R6j86Mj1H516bJcNqLrbf8Iok99NE13DMssI/cmZORjhuE2juMnHBqwur2sV/cPN4YQRynd5TtbCOA5DEhzgfMHTOe4AHXgsHP5HlWR6j86Mj1H516hrlx5Onai0/hA2KrEYPOHkq+5mYYGOo3beVyRhl5BrO07VIItPtbb/hFZYrsLGj3bIiicxoSU+dcAMuQecnA6ngqwc+hxOnwwXWpWtvcXC28MsqpJMSMIpOCa6aDw5ou1HudTETE/vbYXcW6AGQBQXxhiUJPAxkYOK6O6L3lzczyeEJokiikZrYyRJAvGx3Y4BLhZFC+hCn1pkFxONQuJLXwhG6RlredEeIrvQTE9BgMd6HbyCUOOow7CcmznY/D2hm7tEl1cRQT+ezSG4ibYqxK0YOO5Ykc46dutWU8K6AZlSTWQibnWR/tMJEagMUk4+8JMABRyueSeM9GSxu4xJ4SF1mRdtv5sAdGaSMoxVScffRcEAfNzgcChdW9ydJklsfC9lbNA4kW586GRYni2FlK87vlhG5T/EW7MRRYXMzAs9A0KWyhmutXEEpTe8XnxncQ8oKA9iAiEE5B3H1FTv4e8OC1Mseqs0jf6uE3cIJzGzAk44AcKp+tWbTW5Lmylhbw7cTXE2nmJLmO3BdcpGN4AA+XIJz1+fr2L4dSWK2gSXwdPczQ26Izvb7dzj5SdoHCgZx33AE9cUA2yBPCfhpx/yNUA3eYUYsgDKAADg8g7jyD1UEikl8L+HIWQHxAjgRRuzLLHtmJDb1Q/wkELjOcg9jgVeXVYZVu1h8JLGIVjZ4H2KS5yfMfoxBUdBxnnI6G5BcW8Ba5XwfZva+XvEslzD5aqVVULv0BIcbh6lSPd6CuzhrjRVDyyW19p5txuaMPex79vOARx834YrIyPUfnXptqt5ZWSWMvhy5SaB3DXIEBdtz7gSTwMfaIfVc9hjixbXm5jfxeDoZI0UiB3liEcR4hKjsw8xPYjcSAM5pWKU2eVgj1H50ZHqK9QtptQEdr9q8LSyXAZQV8qACUARRmNlI+VfMdWHf5h9RkFb1/EWk3reHhDp0CrLHaIkWWBUbzk43jd0DZx07UWHznC5HqPzoyPUfnXp86l9MMX/CKoEuJIHgEsluqxjepEIYc4ba2M8ncRjqSWygklvDF1eO6Krm6WCMsFdXZgf4W/fIMdgBnuAcovaHmGR6j86X8q9HS5c293cXPhxbpIUdZ42EAQ4RCZAw+bIVwBtyMMCDmo9PjGm3F5Jf+Et6LfySRyTmJRDH5mxozuwpOQV+pGOoyWHznnn40flXotvZW4urmyTw1Nc3MBRZlYQIYAxJB+8ctwvB4AzmjZbNdSGLwmY4gyiO1kliUPKnmO4ZyckBZAdoGflXPA5LB7RHnWR6igV2Z8ReHAVMely5jVkVjbxZZT5YAOD1UIwzzneSfSuZ1e6t77V7u6tLcW8E0rPHCFA8sH+Hjjj/ADikyk2+hTp60ynrSKButMp7da108PF0iVr2FLp7U3ZgbjEewuuGPBYjA2jnLAeuATaRi1ueHWVWudl81rOUwQyRNHIuQQMSEDcGAP4cc1s6f4Y0q1vCL27nuJYpseXD5YT5XjBJLE5U+Yv4Bs9MVNfeF9H1G8u9Rt72a2tpp7h1h2wnygr42n5xgZPBwBgdqdmQ5Jlmyvp4pbiM+IbmKeI+bEIZLeNQ2yViAF3AZYc4IyW5HQ1a+wafBrCvb+LobbDSSRXGIPLYvuR8BQACUjQ5PXPYkVzGs+F7LTNHkv0vLuQCc2yB7ZQrSAKSMhjgbWyD37Vy+B7U72Eop6o9KW5nuNVtvtPiaTT5WtzM9xNLC7q3n7GjMiqM/IWcDOMkdOtOSztpxam48YedLHcHYBLEFiZowsxbcPu7hgnBDDHGCSOZsNC8PXWl2803iJYLyT/WW/lD5OfU9eM/l71MvhjQGcqfE0YHY+Sv/wAV24/Oi4rI0l1C9k1ZriLxIjvDbxw286Lbo53BXK7W2/IDwOcgj61aswJBLHeeIreE7AYg0dnhySoKkAkdBnkgDCnnGK4LVLW3s9Rlt7a5FzCmNsoAG7IBPSobW4a0l8xI4XJUqVljDqfwNK4+TsejlEnRRc+J5DCsUanzryFmhZpI90XKknZsDMwwDgcdaR7mSeCaYeKTNcWlxI9n588BV2EmxWORnAUiQ54OcjkGuZ0zxTBZlZJ9ItJZQwGYoY4wU3oxBwuc4VhnP8XSr1v4x0aC4WQ+GbeRQ+4himTlmf8Au4yGcgdtnB7EO4uV9jd8y3+zS2w8dNJaSROFaV4mUhn2oJEYbiShBY9VwR2FUZ2nR9aWDxK6RNAk9mv2mACdwVjKsB8oICgADpgdqyIfFWlxxzCXQ1n8yaSRY3ZAkYdVU4wueBuA5wPlOMirY8Z6KLyWc+GYnDg4DMnPyCPafl+6VXJ77iSKLoOVkmpX+oWIu7vT9dlllVzHG63kAZIAiEbwBlmbZt2joY/4sjMj3sz2rh/EZaCZSXjVrXaSy/OSpYcnJBbG4nP41V8a2ERTZoytJGxZLlhGJRllO04XBAUFR7AHjkVg22uMgSO6tLSZFTbuW2jEmQu1TuKnOODz1xSuHKzq2/0SfTpF16R7iFp44Sl5b/KqxsFTODt3BUAJyAM+1WTIkM832rxKXjaXY0sV1bncriIMD8pJ3gtlumIgGHpkXnjLSrrT3t08Ow28jiUmSLYOWDjH3eF+YEjsVGMDilg8Y6LDLBL/AMIvAZI2V5G3r87LtOR8vGWQZHTBOOtPQOV9h50rSUgfVjq7RakbV7kBrmBw0xVGCAAd97DHHKEemVtorm1giZvFthJAWhgkt0ZGzGSoOQ4wcBRyQRlecYzVWPxdpqwPFJ4fgkDnLNhFO75huGF4OPL4HHytx81Zth4hW3mM1zp9rLIFwhSCNOdpGTxnuDxg8UXQWkdh58cnlR3XjVni3gyQPNFJsRvlCEkFX+8d3VflJI6VVaTDajAPEUslsxaSSITwMWfmQYPRmLFjlemQCRis2TxdpEkryN4chYvgsCy9dixlfu8DaN2eoc56UknivSZNRvLk6IPJmMZW1xGIwU3/AOzkAllY46kEdOKLhyvsdEl1G73SP4uu4wzMs7m8iYE7ZQpztHP7uMD0LcEda4+6/tvVkia51SzuPKPnoGvIhsZguTjIwflXI9R361pp4t0Nbi1kfw5GvlKgwCh2YcyZXI/vHbg5+QY6k1HJ4t0kxsqaDHhsmMMI8252kAIdvI3YY59SPei6YJNbIdZ3+utPCl1rVp9lVl+7LbybSoLLtB4ypJweACTg8mrsV7qMUYiTxNIVEaoqO9sQSnIBBc+nJ74BOcCuJ1K6F/qd1dhAgmlaQLgfKCcgcccDituTwxpy6DaX8fiTT3upwpey24eLIYncc9sAdP4hRcHG2/5GyJLu3kmeLXpFEjE4zasrD5cqV34/5ZRgcY+XoK0En82GSCfxDcNERG0q3BglBUbSGZSp+cbyTnJyBycCuHOiwbgE1S0bPXI245x/9ej+xYckHUrXdnHt375x/wDrouKy7/gd7C7qUktvGZjE8rRCUxxIkQGCmVx8pYuckfqAcV7LfdWtq8niS0hJVWUvbW+2ORzsZT3DbAMt0IKjtxwN7YR2saOl3BPuJUiMcqfeuk8FWmi3cF2upw2jSJNEYzOcF9wYbF5HOfm9OO1CdxuKSuYWt6bHpl8sEUhkjaMOrb1bcMkbvl4AOMgc8EVm16ta+GPDK3VxA2mxzuJXLLLO8AgTKAEnPIBb8RjpmoNc8PeHraw1C9s9NRXiRDCFlLpnEgztP3gSnrxx70WGqiPMKetdZ4t0mDTpJkFgtq/kWdwq+S0ZUyx5dRn+ENkDPP5Vyi1Jad1cRjzV6LW7yOyisyY5IIiSiyKTtznpz7n8zVButNoG1c0f7buOcw2xzgnMZOSO/XrzR/bdxvBEVuoBBChCFBGecbvfNZtFAuVGk2uXZtHtkEUUbgg+UpU8kE9++B+VZtFFA0rBSYHpS0YoGJRS0UAJS0UYoAKKKKACiijFABRRRigAooxRQAUUYoxQAUUYoxQAlFLilxQA3A9KMe1LilxQA2rdhfPp9wZkht5WxjE8QkA5z0NVsUYoE1c2f+Ejk2Io0rRxsYsD9iUk57HJ5FPi8U3EOwx6dpSOgOHS0Ctz1OQcg89RWHijFAuVGvrHiPUNcjhjvJBsiyQFZ8MSc5O5jkistaaBTloGlY//2Q==', '肖申克的救赎 The Shawshank Redemption', 1994, '1994-09-10', '美国', '英语', 142, 9.7, 'No.1', '月黑高飞(港) / 刺激1995(台) / 地狱诺言 / 铁窗岁月 / 消香克的救赎', 'tt0111161', NULL, '一场谋杀案使银行家安迪（蒂姆•罗宾斯TimRobbins饰）蒙冤入狱，谋杀妻子及其情人的指控将囚禁他终生。在肖申克监狱的首次现身就让监狱“大哥”瑞德（摩根•弗里曼MorganFreeman饰）对他另眼相看。瑞德帮助他搞到一把石锤和一幅女明星海报，两人渐成患难之交。很快，安迪在监狱里大显其才，担当监狱图书管理员，并利用自己的金融知识帮助监狱官避税，引起了典狱长的注意，被招致麾下帮助典狱长洗黑钱。偶然一次，他得知一名新入狱的小偷能够作证帮他洗脱谋杀罪。燃起一丝希望的安迪找到了典狱长，希望他能帮自己翻案。阴险伪善的狱长假装答应安迪，背后却派人杀死小偷，让他唯一能合法出狱的希望泯灭。沮丧的安迪并没有绝望，在一个电闪雷鸣的风雨夜，一场暗藏几十年的越狱计划让他自我救赎，重获自由！老朋友瑞德在他的鼓舞和帮助下，也勇敢地奔向自由。\n\n本片获得1995年奥斯卡10项提名，以及金球奖、土星奖等多项提名。'),
	(4, '2023-01-30 14:59:45', '2023-01-30 14:59:45', 'MOVIE', '/subject/1291546/', 'https://img1.doubanio.com/view/photo/s_ratio_poster/public/p2561716440.jpg', '/9j/4AAQSkZJRgABAQAAAQABAAD/2wBDAAgGBgcGBQgHBwcJCQgKDBQNDAsLDBkSEw8UHRofHh0aHBwgJC4nICIsIxwcKDcpLDAxNDQ0Hyc5PTgyPC4zNDL/2wBDAQkJCQwLDBgNDRgyIRwhMjIyMjIyMjIyMjIyMjIyMjIyMjIyMjIyMjIyMjIyMjIyMjIyMjIyMjIyMjIyMjIyMjL/wAARCAGQAQ4DASIAAhEBAxEB/8QAHwAAAQUBAQEBAQEAAAAAAAAAAAECAwQFBgcICQoL/8QAtRAAAgEDAwIEAwUFBAQAAAF9AQIDAAQRBRIhMUEGE1FhByJxFDKBkaEII0KxwRVS0fAkM2JyggkKFhcYGRolJicoKSo0NTY3ODk6Q0RFRkdISUpTVFVWV1hZWmNkZWZnaGlqc3R1dnd4eXqDhIWGh4iJipKTlJWWl5iZmqKjpKWmp6ipqrKztLW2t7i5usLDxMXGx8jJytLT1NXW19jZ2uHi4+Tl5ufo6erx8vP09fb3+Pn6/8QAHwEAAwEBAQEBAQEBAQAAAAAAAAECAwQFBgcICQoL/8QAtREAAgECBAQDBAcFBAQAAQJ3AAECAxEEBSExBhJBUQdhcRMiMoEIFEKRobHBCSMzUvAVYnLRChYkNOEl8RcYGRomJygpKjU2Nzg5OkNERUZHSElKU1RVVldYWVpjZGVmZ2hpanN0dXZ3eHl6goOEhYaHiImKkpOUlZaXmJmaoqOkpaanqKmqsrO0tba3uLm6wsPExcbHyMnK0tPU1dbX2Nna4uPk5ebn6Onq8vP09fb3+Pn6/9oADAMBAAIRAxEAPwD30AY7U0qM9B+VKPu0HrUtaAQleeg/KnIPUClI6UAdayKuh+BnoKMDHQflRSVaEGB6CjA9BS+tJ3A9qQCbRjoKQqOwH5UuOKO5pcoCbRxTGjBBHFSDtRgHNKw7kHlsDxj8qUR9Ae3tUh4PHSjjjNFh3G7exApQoHGO3FP4HNHeiwNiKBSlRzgUdhS+tFhXG7eR6UoAxxS+lJjiiwhSBzSYHFLR6UWAMCjAz2pO1HeiwC8cUcc0npR60WAXjNHGKSjtRYBeKOM0mODRiiwC0EDmj8KTuaLIAwvHSnKoC4FNHUU8cDirguoMQfdNKetIn3frTsVfQQzFIe9PxRjg1NhidxSdhTu9HagQnrSdDTvWj0pDG4yKCOaM8Uvc0AJ0ApDmnZxikNIBCM96QL706o2lRPvMB+NKw7j8Cjv1qu97Co+9mqtxrdnbAl5VGPU1ShJ9BNo0vTrR261ytx4ztIj8m0qOtY958RIV3bG6dq1jhqktkLmR6Fjkc5o7fjXlp+Ie/d8/zZ4+YYHFNPxCdUB3qd3U+nritPqdQXMj1T1o7ivOtI+IcM+oxWskgIk+XJ9fSvRI3DorDoRWFSlKm7SK6XFo706myMEUk9KiwAAeOaU9DUaTxsfvj0qXNDQCCjHSnUYosAnY0mOfwp3rR3oAbjigjk0vbpR3NFgEHandqAOlLirihCL9wU6mqcoDTqoBKMUtJSsAY5oozzR6UgEo9KPWj0pAJjikxzTXlVAe+KzLrUwjEZAFXGm5bEuaW5pPKqdTzVKbU44weQPc1zl7rRB2jnsQK5661WVh94f0FddPBt7nPPEpbHZXGuqP4+cVi3niHaMhuevHauYa6kIOMhuoyev+eaytX1D7FZPPIQdoz1xXXDCRjuc7xDeiL/iHxo1lb7FcpK5IGOTiuFu/F11PJln3Z7kZ7Vyl7q0l9dM8rn5yRubt7VnvcsWzuVlAwTnitPdjojrgmlqdNL4juJGbcxyTnjIqg+rzSPkZ7jpnisFro8fOOOSelXtIsLvV71LO0jLzPwB/WplWUdS1Ft2RbOpOpwo6dMDvViOfUL4qsSSuSeAi9K9Y8NfB23SJJtQZ7qY87Twi16NpfgjS7BRmBWYdAOgHpXnVMybdqaudSoQjrUfyR4boPg3xTqU8UkVs0casCXc44r6M0qCa206CGcgyKoBxVqKGOGMJFGqKOgAp9c06lSo+aZLkrcsVoHasTxPevZaVJInXFbXr9ar3lnDfQNDMuVNQ79ApSUZpvY820vxZI7AOTuxzmu50nU1uRjOc81kL4Dso5jJCduTnGa2tP0ZbLgHIFP2l1ax01XRd2mawOeaWgUdqDjD1oo9aKYBR60UetAhRS0gpapAMTiMU7PNNH3KXvTAXPSjPWm84GKO3JoAdnmkyKTgEU0sAeTSAUsBk1UuLvYCAOKgvb5VQqrc9OOa5+5vGOMnp3xxXRSot6sxqVUti7dajgEg4BPWuevr9mLdgefwqO4u8bixGTx7Vi3V3g4zg5PWvQp0TjnUJri5w2S2T6VmSXCMcKMDvu71VmuCxySePQ1SaZgcs5w3Wu2FKyOWU7s1TMcHDAYrzHxrrLz6qbSJyIoDggNwWNdVreqzWOkzTW+fMC8N9e9cTo/hXWvEsVzeWdvJJbxkmSdlLAt12rjlm+lYYmoqUbM6sHT55cyMFpSzHcc8cYHFRs+MZXkdjXXz/AAv8ZRWP23+wbloCu7IKh8dfuE7v0rjnVlkKspXbwQRgg98+9cSqRlszvcWtxfmJB7n2r3z4LeGEjjN/NH+9ZcZPpXh2mQLc3iKw+TcM+ufavrT4f2ItPDsLBNu8DGRya5cXJuKj3N6Oicjr1VUUKoAAHanA0wGnA1ypWJY/NJnpSZ60ZpiDNLmm54zSgg0AL6UZ4NJ2zTN455oAkzzRmm7gD1pQQQMUAOPejNJ60d/woELnijPWkPQfWj1oAdnpRmk9KO341YCAfJTu9HaloAbjgUh6GnUx22qTSYEc0ixjJNZF3fnoCMZpmpX+wEc/TFcnqGqEKcE85zxzXTRo3MZyb2L93fNlgM8nkY61gX+o+WNxbj61kX2sMuSzkfpXI6l4gkclCWBB6D9K9WlSS3OSUGzorrWjuAGSDxgjrUcP2jUA7QJkDAZmkCBfzNcLNfySNwWz94ZHSrekWuq6/qMenaZbPdXLkMVA4VR/E5PCj3rebjCLd7ExoPmXMro77TPDl9qls1w91ZWyBsDfOrHj1watjwSpIaXW7AAH5isozjPYmuq8LeALLw9YN/abrqN7IP3mV/dR+yL/AOzHk+1c94qi0W0V2j0+2R1b+FMc18/Xx9dSfLLQ9nDZfh6v2TSt9B8Mww7JbbS71vW9vBKue3y42/pXW6KZJrONGFh9mh+VBZn5MjtgDAx6V5v4U1Sx8QqbSPSrWS7DdI4lGFzyT7CvQJbu20C0WztokhgjzyF4z3PHTmuJ1qk5XqM654anT9yklcua7KkekzSFdyjrjtXzB4psrG/+Ic9re3kOlxsoaScoWAbGeg71634l8UR2sEs4kwVGe5Vx/WvnXV9Qk1XVrm9lJLTOWNa0bzk3EVaKo01GWt2dzaeFvCNtcKT43DHIIWK1yW/WvadJ8THStLjgjjurmKJQFYWDAkdsDIr568CaUmoa4ssy5htxvPHU9q9psbxrqaQYcKDgewpVVJSScrnRhqMKtJy5bITVvij4qtbs/wBm+HUmtj0e6haJgfTHmH86yj8bvFMD7LnwnBuPTy5HH+Nbty6AbVOx2H3iMkfSsG4solJ3SvIW5YgUe0celzVZfCWt7D4/j5qCNi68ObR/sSnP8qmh/aGtBj7TodyMfe2ODgVzd7aRjIUNjscZrAl0xTIXU5LHJPl9aFiKb3iTUy1x2aPaNJ+NXhnVdieZJBK3/LOZNpH49DXZ6Zrdlqm57S4SX12npXzP/Y1pMmGtkPPOBiu8+HaSaXqEKxM5U5UgsTxUurC+hEsvai27HuQbco9fSqkz+WTnA+tOMhjQOQdv0qF5EnU45NVI86EdSH7V+8OD+VWoLj5sVlujo/3G4oS4KqThvXkVnGepu6Sa0NeS/ijlVCeW6VdHNcTBeNdatyCQhx9Dmu0T7i/SumUeWxxSSTsh2OKQ96dRUCE70uKKWqQCdqWkpaYDGPFULyYhG5PSr7j5etYuoybFYgjjtTjuNK5z2pOzHOSOtchqSOAXU5AHPzV0uoTZzgjPSua1GXeGx06565rvpy5TRUFI43UluGPAXBHr14rnXt5pXPQDrz1FdRdxhpDgknBPQc1T8g4AzgEV0PFcq2KjgrjPC3gnU/FWp/ZrMiOBQGnumHywg+38Teg/pX0P4f8ADOmeEtI+w6TbFV4aSQnMkzY+8zdz+g7UngzSbfSPC1jDAFJkjE0rgffdhkk/y/CtuZQyMOua8yviJVnrsYqMYysjyj4ga/c2Nym0y279VkGVP/1/pWJp3g7xR4ttjdasRptq3Ildd0sq9iqdvq35V68dHtbmRHvII5tjBkVxkAjocGrlwyiJsnqa4VDW7PQlinyqENDhdF0vSPBmmtZ6RCyPIczzyndLKfVm9PYcCuR8VeKo7UP8+6X1DYrY8bXn2dS4mK/7pxXhGuXs97PIVd3jTLO5HQdhmlTi6s7NnQ+WhT5ktWJ4g8STanEturEKpJOOn0rm61dL0d9TSZ1yoTktjNai+F2+wXEz7ndYzIjdOBXox5Kfuo8yftKz55Gh4FnEMVwgchiQTg9q9H06RlhJHU5wcV5r4TQJah0PLZ3Y7elep6DAzx5zwBj1zXFX/is9vBPlw6uVtQnuoELpFJMAMlVbBP0zxXEX3j6KB5If7PuVkU4KykLj8K9bl09nUAoMYxzWDqHhK01QkSwqylSCx+8v0NKLS+JGlSc5R/dyseSy+KdZ1W5W2sYAJJTtSOBC8jE9hVLXLPxHod3HBrCXtpO8YkVJWIO05wevseK9I0u28VfDm5kn0ez07UbRzk+bEFmA9M8H8jisbx/4p1XxvDZpe+GXtZ7UsI5Udjw2NwIPHYV1w5L6JWPGq/WJaybOX0PxBLHMsV45eMnAkJ5U+/tXuHw/tftM5bnjGWrxnw3oN0bwPNBFsPBSRd2R39q+hfAVhHpliI0iEauxYIOQoPQVz1403U907KVStHDvnOz1IeXpcvJ+RCevoK+f9I+JN/Y69MbqQvaFzwT90Z4r6Fu086zkTj5kIxXyb4m0x9L1+6tZBwsnB9j3rpoQjO8WefGpKCuj6J0vXbXXrQXFrLvBHOO1UtS1FbUMpbBxwK8g8KeMNS8KJLFapBPbTDlJBg59iK1j4huNblUlCmW4UHOf8acMDJzu9i5YqMVod74cc3F8zhzgnJ5PJr01PuD6V574OtCscTY2luoz0FehjgAe1GJtzWRxp31FopO1Ga5hiilpvPGMU4VSAaD8tLnmkH3TR3pgQ3EmyLnvXL30xJbp1rb1GX5dormbt8E+5q4K5pAx7+QEnIzjvXN382I22kA9h3rbvZV2nHzcZ4rlL+QmViD8oHJbjIxXWtEdVNGXcyttRd3y9c5qo0p7kZPanSuvmcMBgc4NVpGBbgfKOlTPVHSmfQvgK8N74K02RjlkQxn/AICSK6Fjk4rgvhLc+d4RlhJyYbtx9MgGu9I69a4DzqitUY3HAOBVS8YLCxJ+lWHcIBWbqQIhcDrjrUS2KpxvJHl3je5kmZkRkUYxnBPNefWVul+L/RZJv3l9GBAx4/eocqPx5H411vjG62GURydBliBXlEl9Kupw+VIQ6neGHUEdDUYeMpJs9HESjFKLO48G6hBoHgLWLma2VryG7WIrIOnHAP5Gp/A+vnxNrNxpOoxx+XcxSi3Ea7dnykkfTrRq1smpaDd3lrEPL12COURjot3E2JF9iRzj3rO8B2WpeE/EcGpato15HbSq0azSQEABhjcK6Fy2be5yvmi4wWxn+E7dReNaB28tZDHk9WOcCvfvDegxW9uQJElA7kZ4r590Lfb6o5D/ADLcv0HP3jX0d4YkLW/B+VuQKVWK57lQqNUbI1LjSVkGVUAkdRWQ+kSWrbwwB6kAcV1znAGP5VC8YdeV/SpaMYYiS3OA1KAyxs0iKy+oFctPol1M5KWrbPXbwPSvVnsFMpIUEHselRNGqHHqelS4XO6GL5VZHEaB4ZjU73UlycHiu/stPjtAFUAAVXFxa2MW5nUemcda5vxD48tdJxvIAI/E1VOnrZGFarKprsjv8goORXzx8WGibxIwUAErz+dblx8ZkWF0htZC/RScCvM9Sv7nXL97u4OZJDkj/CvRw+Gkpc0jz5zSTSZBao8s6LwM8CvQvD2lsHR9nzKcAZrD8P6NukjZ0yT0KnPHrXq3h3SCShKnBx1rsqT5InNuzqvDlmIbVWKjgccVv9/wqGCJYYgigcVL3/CvGnLmdzZB2/Gj1o7fjR61Axe4oBNHcUev1qkAAcUEUoxiigDCv+HY9/5Vzt9k7jmuq1CLqxBrktQkHzAkit6RcTmtScruIYYHpXH3fMrY4BOF55INdVfsQ5OcA+1crfsqvy2WXJwBj3rstdG8JJGa6kE56jgnHeoJCckgD6ZqWSTLncCPbvVV3AONvv1qJRdjX2iPX/gvLu0vVozkbZ43591I/pXqXrXlPwTGbTWWxx5kQzjr8pr1c8An2rzpKzZzVXebZTunVNoOM1ha5qIgsXcc4zxU+pXDlyy5x2FeceLtUljjCJuZWPzIeMVzznrY7aFFaNnB+MNZ8wTZzljwNwzXnkUp+1M7qcMMH2rqdbZbu5jt4rdAc5yo4+uayb61ELKQACDiu3DpRjYxxTcpX6I9B+Gd3ZX4uPC2rv8AuLyRZrRyceXMOwPYkV6v42sJL3R4oLe4WP7OVyznGQMV8zR3zwSiSNnSRSCrKcFSPQ12lx8TL7VdK+x6jBulKhTcRNtZx6kevvVTw7eqJp1Vdcz2LkVnaz+Ibj7K6mJZw6vjrnr+teteEbxIka2YksD37V574e8LmHw3p/iCCdpIr8kNGVwYmBOBnvnFdh4fhkh1CRm3ZOPpUTRcLSueko4dR6Ed6Y7oikkgCqH2xYIdznoK8v8AGnxOXT3e1sx5k3PGeBUwpubsjBxS1ex6Fq2u2unxOzyoPqa8k8R/FJvOMNipkCjDMTgfhXnuqeItS1eRmubhth/gBwKyxyc4yc9Qa9ClhF9oyliEtIHU3vjrV791LPsAPCg9KxrvULnUpzLcStI2MDcc1WEe5j3J/SrtraDdu4ya7KdCMdkYzqzlo2R29ozuOhOeO9dLpejPJKPkG3txnj2qTS9IeRlKpwcA9/xr0XRNDX5coCe3aqqTjTRktR2g6HyiohJAweK9H0ywS1hBIG7t7VDpWlpbICVAOPStYDA4rx69ZzZvGNgx1pcc0etFcxQY4o9aKD3oAAKKWimgAdKWkB4oqgKd+u+LAzk+lcbqEBLMK7mUBxisa+tBhiFHNVCdmUjzbUbYhG4JJ4J2/pXMX9n8pZoyO3H8q9G1C0yW+XkDFc1eW3yFAQSc556V306hagjgJISuVZTuBwQetVzESRxySMnFdBeWDLK5KYBPX0qpHAHlEar97Cr25PFOdRpGsaaZ7R8LdIXS/BcEpUCW9drhj3IPC/oK7R/un6VXsLZLLT7a1QYWGJYx+AxUzngivLk7u5zvVmBqK5U5H6V5f42JFmXQHepwPpXquooWQ9M9ea858ZWqnTZCB8w5rmlpI9Oi/dPG9TkktrxJQMK4G4gUTeXMi7Rnjlj3NT6pCskaK3QrtP4GsrSUaWTa2RHHwT716ULOKZx1G+dx7k32INyQfen/AGLA4HtV7CLnbyAaUsoGQa6IVGEqUUe6/C2EXnw0gtnUYjnlCj0w2R/Ot2SOC2kMn3Sfl+lcp8NNctbDwDLJJIFEN1IDn6A1wXiz4iz3moyDTHxH3JGcn2rmjSlUmyXNQ1Z6b4i1i3ttNlbzQMDucV876hcNd6hNJgtucmrNzrGo6kcTTu+eozUcVkzEc5JHQV6FDD+zOWtW59Ckqc4GSfpVqC2Zyoxntx1rVh0mQkF4m5PQDpXQ2Ph0lQAMg9Qf6V2WS1MLnP2umSSAAKefaup0fQ2BHmJnJ9MH8PzrpdL8PtgM3GQOnXFdnpfh4KQdmOOua56uJjFWQ1Fs5/SdAb5EMZA4GRXf6ZpSWkWSPm7k1ZtNPitkXCjNXRzmvJq13Nm8Y2Aewo6DNGeaO1YFijvS0nrS0CE7UetFBoAUUYooqkA0fdpe9Iv3M0vemAxhkCq8se8Ed6snpTCOSeKkpHP39huYkLyRXMXmmkNypFeiPGsnBAxisy801Xj+6Ca3p1bDTseWahprEsoH3uvPvUGi6QZfEmmxlQyNcJu+gOf6V3F3pGDzGNvvUWkW1vYaxDcXLhFTc2T2OK3lPmjoUqljvPf1OaG6muJ1jxxNHvTSrINj/lrPkD6hRXB6p4t8UXAbGpzQ5PKxKq4+nHSsqeDqT12MXVgup7BfR/L+Fef+JSWtJkY5JHHFee3Gv+KoiTHrl8wPIBYHn8RTP+Eq8RTBkvEiuUOeq7WH4iqnldR6po6aONpR3MrU7fPTjax/Ws+JBFCERAq9eK6VYBqqFo42ifvG/XP1qq/h+dZCNvI5A9qqOHnFWZcqsHK6MTDct29aRk+TOevGP8a310eVIwHXgjJ9vxoXRXnYYhJHoBXRSpO92c9askrIxkvr2LR309JGSGWXzWAPsB/Sq8di8gG2P5iODzzmuyHhyRpBtgKgYC4/pW/Y+FXlddyZXIyGHWupOENThc5SOHstEy4ZojzjkDiumsPDhl4KHbzkqvOfc13un+Egu1SpK49K6iz8PQRKp2AcVhUxcVsVGDZ57ZeFyCAFORyCea6nT/C4CqSo6dTXWxWEMXRRVgGMOUBXcoBK55ANcVTFylsaxp2M200iKBOVHWtJECjgAUp6UuOa5JSctzVIPSg9DRRSAUdaMUCl7CgA9aO/4UvY0negQdqD3ooPegAHWlHSk9KUdKpAJH/qx9KdjmmRf6lfpUnemgGNimleDTzTc5zUjQ3HOKNoI55p2AaMYFIZXltY5M5HWs260ZJWGFHTFbPNGOauM3HYTimcfP4bVlbKBue4rPfwvCn3o1XB6kE5rpNY8SWmiXsUN7bziKVCyzou5SQeRjrkdadN4n0CJA76lbkMMjY24/kBVrG8ul9ifYN6pHHHwbGXDtGBx26e1RyeDI+cRn8q7+wu7PVLY3FlMksJJGQDw3vnn8Kt+So4wK1WMk1dEOir6nmp8HhcHYNwxyw71InhwswDoC3TJ6nivRzbxknKD8qBBGAPlH5UPFyY1Ttseer4U83GUI9hWhb+EY4xtZBjsK7XYvYCjbyOKh4qY/Zp7nOweHIkwSorVh0yCMcqCexq9jjGaUDisnVk92UopDUiRBgCnY4pTTSai40hT0NN2qHL7RuIwWxzilPSgDkUhiDkU7FKBxRjk0xNgAOKMDBpfSj1oAMc0Ud6MZFAgoopaAEPSjHWjsKPWgAx0pRSClpoCOH/AFC/Spait/8Aj3T6VJnmmg6iGmnvSk9KaT1pDF70Z4pM80mcCkMcTgGoLi5ihjHmsfn+UAfeY+gHc0l1cLa2s1w4JWKNpGA64AzXH6d4mtE0q612/cPeNIYo4A3KL1VF9ARyTUSqKOhSg2rm5qFrDq8UtpfmKKFQJGB5eMZ4O7op4Pqa8+vrLR4tfhtbCa6vrduJRCQX3c4VTjk1btJI9d1q+udekkt7eKETSQrlFZRwoI6ng/jmrFjbNbePNNd7SO0inTzIoEH3F2sAD/tcZP1rzqslV1S67nVBOndX6GroUoVh5GjXcNpZu4McZDkzdCW+bLELx35J9BXV2d5Bfwia3lV1DEHHVSOxB5B9jXNeH7LWLWK6t47qD7Ku77PJJbkGSRjlnxnJAyfrV3QfDlxpN9cXk+pNcyTg71CbQzE53Hnr/jXVS5opJIwmotvU6KkbtTXkWNS7uqqoyWY4ApPNQoHDKVxndnjFdJkSUVg33i3SLGXyTdLNNnGyI5A+p6CrWja1BrVo1xAjqquYyH9R6EcEVPtI83LfUpxkldo088VDb3kF35vkSBxHIY2I6Bh1Hvis7xLey2Hh68uITiQJtU+hJAz+tZvhud4/BVubMK1yd0aKx4Mhc8n+Z+lS6lp8ocnu8x0lxeW1qFNxcRQhjhTI4XJ/GpA2QGHIPcV5n4y0yKwWzL3E11fzFmlllbO4DAAA6KMnpXfaLZf2do1nac5jiAbJzz1P61MKrlNxa2KlBKKknuXnYKjMxwoGSfQVzPhjUNQ1bU9Qvmdv7OZtkCN0BB4x+HX3NaXia6Np4a1GUHB8kqMep4/rU2iWqWGi2dugxtiXPuSMk/nTd3USXTUS0g33NHPFGeaYW4NUrO4a4vr47iYoHWFR2yFBY/mQPwrVuxnY0M9KazBVLMwAHJJPSszWrh49OkkgkVJYZojlhkDLL19sGuO1608TzBU1GaNrZpliUQsAhZmwMjqfxrKpW5OlzSEOZ6ux39vd210GNvcRShTgmNw2PyqwOlYWg+GbXQ2aVHeW5ddryNwMegArdHStIOTjeSsyJWvoLR3pKM81RImc0vc03NGeaBj6Wmg5xS5qkIhg/wCPZPpUvf8ACo4Ri3Qe1Sd6YDT0FIe9Kc4pDUDQhpv40uD60mOhoKGuiyoyOAysCrA9CPSuNj8PaHpeuJOuqRW7QMGa2udpG0jgAtg49+a7PHBrJv57CTU4LCa2huLt4zInnIMKgPXJ9+wrGrFNJsuLa2OaN9pGt3kGqf2ZfXGoQn54bdd0bbT8pZjwR3FM8MaY891ZapOjozzSPbhpMp5ZySduOMZ455zmpptOS7utumzSra3k2ZtrmO1YKMvhR8zAgYJBA5rRXUZmstJvRbop86aCJYwQjjYwTAPQHauB71y8t5Xl0NXL3bRLdnPd6wJL5rqSy0/LCBYgA7quRvZiDxxwBT/C+o3ep6a9xcgGIyEW8hxudAerAcZrN0v+3JW1Wyv7uGUJbbdiqAUdkzhQB90A4z69K1vC5Q+FtN2DA8hRj37/AK1vTk3JfMymrJmuQGyDggjBBHWua1PwVpt+S8DSWbHqsWCh/wCAngfhXSnr1rmry88Um4mtrTS7XZuPl3LSZUr2JBPX2q6vJb3kKF76OxiadoGlW3ir+ypUlvCsHmlmIVUPoVHXjHeu9iRIlEcahEUYCgYArzrS9Bn1nxFqS6neSLcW7AytAcFyewPYcCvQ4YhBDHCGZlRQoLtknHqe5rHDJWdlYus9Vrcjv7KHULKW0uATFKpU46j3HuK462stZ8KSM3krf6bGWk/dyBSCRjJB6dOnPWu3kcRRNI7bUQFiT0AHWuKvvGMUsMlxZW0l0YfmUOpEcXPDP6sew7Z9aqvyK0m7NBT5ndLVEmlabea7rx1jV4hFHDhYLcHOCOcH6d/f6V0NhfzNfXtheGPz4GDoyjb5kTfdbHqDkH3qha299pdtpPm6gzB5ljli8tQrbwT6Zznvnmk1rTZ5/E+i3cKuVVmSZlzgKPmGfaiC5VzLfqKT5pWewvjRv+KclTtJNEh+hauiUbVUDsAK53xtGzeF52UnMckb/k1bttL51rDN2kjVvzArSP8AEfp/mS/gRN6eme9cfY63BbaMsst1FFJdahIZGZsFF3kk4+i4/Grd3ealrd1LZ6PKtvaxP5c96eSW7qn09a5/wvZQR+KJLK6gRp7dpT5jjO7GAOD+J/GsqlV8yUUXCCs2zZ1O9ivfDuvXdu6unmKqMOnyhP6mmyaxbapJZTsss7iTzbfT7cAuzDIDyHoADnA4/GqF1eCTwbrc6EEXGouqntgsv+FWLDStX0m0N5o32eaO7t0dopvvI23PB7/Soc5OWm1v1K5Ypa73N6w115tWOm3lk9rdGPzVHmCQFfcjoa2uoFYHhzTljiOqS3X2y8u1BefGAB/dA7Af0rd7AV1UnJxvIwklfQAcil/Gk70taEiHmjp3o7UUAOHal7U0Z4p3amhDYf8AUrn0qSo4uYl+lSd6YDW7U09KceoppqWNDec5pvOM06mnkdKRQh6Vz2rN4e1MmDUriOGWBioLuYpF+nqD+INdF69aYyKxG5A2PVc4qJx5lYadmeeiCC41S0s/tt3rFssUgit4vkUAYAUscArjqfYVt65PKvh+wmeKGKRL6Hy44W3KAGwADgds9K1dT0l7+7s7mG6NvJBvRiFzuRhhgPQ8cGrNzpNle+SlxDvjhUrHESdoyMZx646HtWCoyXMkW5ptMifSg/iOLVS4XyoTCqKOXyeSx9B2FUfBsivojxK2Vt7qWNef4d2R+hpb/StdkgNvZ6wqwFduZof3mPTeP54zVrw7pH9h6Z9kLiR9xd3HQsfQeg4q0nzrTuLTl3Hajf6ja3iRWmkm8jdM+YJQgVs9DntiqX2nxRMSE07T7YdmlnL/AMq6A8/lRxgYBq3Ft7k302OUsPD+uWt7d3n9p2iXF0QZWFuX6emSMVb/ALP8SJeQumtQSwhh5iPbhMjvjFb+RjpQDz0NSqSS0bK52xk/l+RJ5w/dbTuyM8d64iW2N6YrW3s5bDw7ZuJZZHjYNMQfT7x/yTXd5x0oHOefxp1Ic4oycTjdR1+DWdb0mx0tzOEuVmldVOAF7fhz+ldn9KgSOJZCY4kUnqVUAn61JLH5sTR7nTcMZRsEfQ9qcYtNtik1pYyfFKh/DGohiB+6yMnvkYqfRCLjw5Y/MQGtlGQeemK5jXdK8USE2yXcl9ZPwANqnHYP0z9a6zRrR9P0eztJSDJFEFbHTNRGTlVenQqSSgtSG00p9L0+O1sbghY8/wCvTfuJOeSMGua1bRfEFxq7XtrbW0crxmJ5IZuGBGMkN0OOOK7rIK03H1qp0YyjyijNxdzz/wAQ6edE8IWOn7wzPcF5SOhbaTx7dPyrVh8RWL6FbW1tfPHOsKI5S2eR1wMHAAxn3NdNNaW9yYzNCkpjO5N6g7TjGRUqqFGAAB7cVCoyjK8Xpaw3UurNHKWGrwaRZR2djo+rzRgk73hwWJ5J5rq0YvEjbSu4A4bqKdjnv+dLWtOLirN6ESdxDnmijpmlrQkbmloooAUZ4zT6YOtPpoRFEf3Y+lNhkmeSUSRBFVsRkPu3rjrjHH0p6cRinY5/Cn0AQ9qb60HtxSHr2qNSkB603nHSlJ5FNzx70tRhnrTJZ44I2lldUjQbmZjgAepNPrgvipqwsvDK2SHD30mxh38tfmb8+BUzlyRcmdGGoOvWjSXVna2moWd5uNpdQTheG8qQPtz646U66vrWyj827uIYIyQoaVwoz6ZNeOeAbqfw74zXTrxPJF7Esbqem4jfGf1x+NdV8WcHwtagjgXyD/x1qwjiOam522O2plqhjIYfmvGVrPyZ148RaKzYGr2Gf+vlP8avRzRzRh43V1PIZTkH6V5D4d+G1prvhuz1I6hLBNcITtEKMowSPr2qt4cu9Q8EeORol3LutJpVidR9w7/uSKOxzjP40liZaOUbJ9TSeW0Zc8aFS8oXumrbb2PYJtUsYrsWsl7bJckgCFpVDknp8uc81K7qilnYKoGSScAV494nA/4XLanAz9otOfyq58R9XvNS8RW3hixdgpKCRAcCSRz8oPsBzTeIS5rrYmOVuUqcVL4o8zfZHf8A/CWeHhP5J1uw8zOMeeP59K2UdHVWRgysMhgcgj1zXnP/AAqXTv7P8s6hc/atv+swvl7v93HT8azPh3ql5pPiafwtfN+6LOiKSSI5U5O3/ZYZOKSrSTSnG1yZ4KhUpTnhptuOrTVtO6PTb/V9O0qMSX99BbKenmyBc/Qd6Zp/iHSNWcpYala3LgfcjkBb8uteNxNZa/4/u28S3rW8PmyopZ9gG1sKm4/dGBn/APXW5rXw9ngubTUPCTvMVJYk3Kny2H3WVu4PcUvbzd3GOiNZZdQp2hVm1Jq97e76XPWhweP0ozx1qC1Mz2sLXCBJzGpkUHIDY5GfrmotSvYtN025vpeI7eNpGz3wOPzOK6r6XPGUW3yrcYdb0v7d9j/tG0+1btnkeaN+70x61fDZFfOGdQZT4h28m9/1nfzv9Z/9avoLSr+LVNKtL6LGy4iWQD0yOR+dYUcR7VtWselmOXLCKLjK99H5NdC4zBULMQFAyST0rNt/Eei3dxHb22q2c00hwiRzAlj7Crd5/wAeU4H/ADzf/wBBNfN1jPPZSW9/ACGt5EdWHZhyB+IBoxGIdK2m5WW5bHGQm+azja3nc+lnmSOJpJHCooJZicBQOpNUbTxDo99cLBaapZzzNkrHFKGJwOwrnfHGtxx+ApLmBxjUFSONh6OMn/x3NeefD5Gj8d2Csu04c7SOxjJH6GlUxPLNQS3DDZZ7XC1K8nblvZd7HtK63pjaidPW/tjeA7TAJRvyBnGPpV8cgc149ajPxtfgf8fr/wDoqvYFHyjgVrTqOd9NnY5cbhVh3BJ35op/eOo6GmnAzS8ZrXU47C54opMCjsecUaiHDg04Go8dPWnjpVK4hF4THpSnr+FGOKMUwGZ6UhFNkXBBpFkFSUOI+lRngVOMMaayDFAXIGOAfavFPH2sQX3jlY5t0ljp7JCyoRlsENJjPfPH4V7VcLIsMjQqGlCnYrHALY4yfrivP/Bnge/07VrzUNdjtZZJUOwBhKC7NlzyPpXJiVKaUI9T1srrUsO516m6VkurucN4t8TWWt67barpkE1vPFGoYSMvLIcoRtJ7cV2vxHv49U8CaZfRY8q4uYpR+KNx/Oui8VeFrfWfDtzaWltbR3Z2vC4RUAZTnBIHQ8iuOvfCetJ4Ah0a8l0+GSDUPNgaS7CqYypyMkdQSePSsXTqLmi9brp3O+ni8NU9hNe7yStZu+h2Hw+wfAmk45/dsP8Ax9q4HxiU1P4o2lvakPJG9vCxU5wwbcR+AP6U608F+OoLZLa01VYrXb8scWoEIFPoAOldD4Q8DQeG9RW91a/tpNSYHyYlkA256kbuWJ9abU6kFTUWiebD4WrVxCqqTleyXn3Of8Uc/GS1I6Ge0P8AKk1tl0z4zQ3V2dsLXMMoZugUqFz+Brf13wfql58QrfW0NstnHJbkl5trfJ14xWx4z8Gw+KbaKaKZYbyBSI5G5VkPO1sdu4PalKnJuTS63HHG0IulGUtHDlflc6g9Md68g02VNT+Mkl1bYeFbuSTevPyom0n6ZqSPw948kg/s2PUd1nt24XUFK7fqPmxXW+EvDFh4QUm6vbY6pOoDEuF2r/dQHkjPfvVScqzjFRatqznh7HBU6j9opSkrK3n1ZiS6R4S8e39xJp15Pb3yoGmZYiofnGWVhyeOoxXOax4a1jwFJDqFlqYMTSbFkhymGxnDJnBBArb1fwRqWm64+qeGdRht2kdmELTiNkJOWUE8Fc9j0qNvB/irxFJDJ4i1aJbKM53mdXx2+ULhQT0yazlB6vlal0sduHxEIJP2ydK2sZav02PSNA1NtX0Cx1BkCNcQq7KOgbvj2zXJfFTVTbaDBpyH572X5xn/AJZpyf1xXY2i2NhZQW0E0CQQoIox5q9FHTr1rivEHhK+8U+LoL1bqxfTbfy1ws25wgOW4A6k+9ddVT9lZLXY8fAyorFKpN2irv8AyRxP/CTaePAx8PfYJfP3+d9o8xceZuznHXGOK7r4V6r9p0W4012+ezk3Jk/8s35/Q5/Ou0k+wQsUkNpG2M7WKA4+hriPDXhW90PxpLc215YPp8pkUxJNmTyz8y/Ljsf0rCNGrTnGW62OypjcPicPUhbld+ZXd7vr07Hd3fNnNj/nm3/oJrw7w1pZ1Twn4iVF3TQRwXEf1XcSPxGa9wvJIEt3SWeKIyKyqZHC54PrXIeAPCV74dW+N7JbSpdJGF8hywIGc9QOOa0xFNznHTTUwwOLjh6FR3968WvkzzoahceI9N8PeHEyTDM0e71DH5fyTdXRaZElv8aJYI1xHHI6qPQCAAfyrX8K/D+fRvFD6lLNbS2kXmi2CMS2ScDPGBgZH1q7B4Q1CP4jy+IDJb/Y2d2ChjvwY9vTGOvvXNGjOyclrdfcj0q2Pwzc4U3aPJL/AMCk7nM2x/4ve/8A1+P/AOiq9gX7orgYvBmpJ8SG8QGS2+yG4aXaHO/Bj29MY6+9d8o+UV14eLXNfuzyMyrQqum4O9opP1D1o75pccGjFdJ5txPrR60uOKDQAdhTh0po7U4CmhCjpQaRT8tDdKfQBD81QSRnJK1IH6U/hgakexWV2BFTLICADTZIwRUGSnBpD3LhXNR7eRxQkgPFS5zjimGxWldYoXkfhEUs30Aya5bwxaR6zZnxBqUKXF1eszRCVQ4hhBwqKDwOmT6102owtPpt1Cg+eSF0X6lSBWJ4GmWXwXphUjMcZjYejKxBFaLSDa7ibuytfQQ+EYda1iygWOKS2RliX7qzBiBgdgdwOPrVzSfD9muixpfW8d5c3MYku5plDPIzDJ5PIx0GOmKi8dwPP4L1IRglkRZMD0VgT+lbdlKs+n280Z3JJEjKR3BUUOT5L9bh9qxytkfO0XxDoeof6T/ZgkWNpfmLRlCyE56kYxnrUvhCeey87w9fOHltUWW3c9JIWGePoT/TtUNqDLq3ja5H+q8vyQexZYzmrXiSynWwsdcsFJvtNQPtH/LSLA3r78c/nWrSb5H1/OxCvuRTzw+G/D+u39nBFHN9skWPCgZclQv4DOcVqab4es7bS1hubaK5uJlDXUs6h2lcjJJJ/wAiua1m4TVPAOo39rlojf8A2gZHO0MuePb+ld5BKk8McsbApIiup9QRmoqXUfmUtWcN4j0OHS/A91beUpjjvw8BYbiqPIO/4kV2z2sDW7W3kx+Rt2+XtG3GOmOlYfjrP/CJXJx0lhJ+nmCuiJHzHtj+lKTbin5/5AtGzhdbsraL4WRBLeJdlvC64UcMSMn681Z8U2Vrpul2N/YW8VrqEdzAsDQoEZ9xAKHH3gRng0viBSvwvAIORawZGPdabr+lQ6LpS69pxkju7FVcCSRpVdTgMuHJxnPUYNaxeiv3YmWfGVvBLcaEZIY3/wCJpGh3KD8vcfSoPFtnOup2ep6bGq3tjBJPhVAMiKygqT6YJqx4llE6+HJwMCTUoHx6ZXNbUv8AyMFv/wBek3/oaVKk4qL9Q6szr6ex1/w5aXqxpLBLPbsocA7T5qgj+YrXvrldPsbi62giFCyqO5HQfngVxsqnw9rL6PhvsOoXUNzZ8ZEb+au9Ppx/Kuk1tp5ZLO0tYo5ZJJvOZJH2KUj+bkgH+IpUyitLbDTKHg9p7aPUdIu5N9zZXJYt/eWQb8/mWrp+ma49Jb2y8c2dxfW8EA1K3a2byZjIC6fMpOQMHHFdfnipqrW/ccR4NIM0UZwKyGL60UmTS0BYXtSY680hNL1zTAB2qQUwY4pw6U0SNj5QU41HGf3Yp/f8KaDqVZ8owYdKfFKDT5U3R1SBMbkE8VLKWqNHrUciblxSRSbu9S9RRuLYpcxsc9Kmjk5FPdN2arnKNjHFIa1LGcjg85rnk0G+0q+uZ9Eu7eO3unMktpcxsyK56shUgjPcVtq/5VOpyCacZNA1Yz7WwlAle/mW6lmXY4CbYwn91VyePUnJNZ9rpOqaTafYNOv7f7GuRAbmJnkgX+6CDhgO2f1roMZApCCafMxGNHoP2Tw/LpljOEeZX8y4mXezM4O5yARzz9K0LSKaGyihneOSRFCFlUgMAMdDVjkHBp3ak5Se4WSMW00m207TrjT1USWs0sjeWRwFc5K/zqtp+lappcIsrLU4Hsl4iF1AXkiX+6CCAwHbNbcq8/TvUQfB2k80KctbjsiKXSoLrSZ9PunkmS4UiaRj8zE9/QdsAcDFVIdK1f7KLG41WF7ULsMiW5WZk6YJ3YBxxkCtRZMY/wAKnVs01NrQGkZWvaM+r6S2mxTx2sDhQx8rccKQQByMdKq3Xh+71OGK21PVRLZqyl4YLYRebjoGbJOOOgroetB6U1UklZCsjE1nRZ9VkszHeJbJaTLMiiDfl14GeRx7VYNjeNrEF+17HsjiaIwiA4YMQSc7uDlRitLHBpCMYpc8rWCyKOo6ZDqS25kO2S3uEnicDOCpBI+hHFNGnz/262oNdAxGDyVg8r7ozkndnrn27VoHpSihSdrDsjH1zRpNY+x+XeC1a1mE6MIt53jp3HHtWsoYKNxBbHJAwM/SnZ5FHY0uZtWCwZ96TOR+NLz2pD0FIYv4Uc0meDzR0xQAucCjOD1pvUdaXnnBoESA8inCox2p46VSEyKE5hqXv+FQ2vMAqemDG9hVO5jwdwq9io5owyEUmCKMMhFXkbcorOIMcmKtwsOP8am9imWT0NQSpkCrApCtUyUZ3KnBNTpIV78UTR96gz8xB6VBRdDA9xS9jXHeJYvEL3WNIFy8NxYyWwME6oLecyKVlbcRwF3cjJ4xjkVn3dx8RIUU29vDcvJIJflWECMB3zFgtypQId2c5PX0drks78g5yacOlcPrF74zbXNWh0S2DW8GxIjPCgjKmNWZkYnc8u4kAEbPXmqyQ+PFj+0TKxkbaXELR70G2MN5aM2zf8p4bjJYjqBVcoHfSDKkZqq4xzmuOu38eyyIIrQKLZpH3LLEguCQ4jAGTkAFMggDcPQUainjifwhbQxq0erOLiO4e3MKy5+YQMCx2qCNpYr8wPQUuUaZ1wbAyamWT8q4cN47fQPEAeOzj1TaRpuzYFDZOcNnkbdu0uAd2c+3OrYfESCO1OlyarGFmknddX1CK5ZtkPyqwQjAkckBdxAwDwOKLeYHsHmD1GPrTgwIrxWy0/4lxatZNd/21NbW1ih+S9j2y3AjZyH+cZHmEIcg5A/Gt7wJZfEGwu7yXxPcS3UdvpipaR+crCedj5h3c/fU/u8nAwO/Wi3mK56bkc8ilyOOa8b0my+KVho99He/br7VZ7aKGynN5GIbYSEtKzgkZkToG+btjgcuSz+KjaXbBlvI7i20swS4u4meaU3OGZfmwZBAAQx7n1p2C57CcY696AK8SudI+JssFhBGmuw2i3Ny7galHJOImKiJXfzFJwAxzk4z+Fe2RR+VGqbnbaoXc5yxwMZJ7mk1YLikdKTJIIyKfjpSFRSHcb0NJSkDPSgDigYh/CgdqD34pRQAhzgHil/KkI4pcAUAOB6U8Uxe1SVSJZWsTm2Ax0qzVay/1FWaQmApGGRR3pTyDVAZ9wuGzimRH271auF46VTQ4YD+tQzQ0kbK0+q8TY//AF1YFOLIZG65X8aoTKUYnFaTdKp3EeckCkyokKOTjNTxt7fnVT7rAf1qwmCBUj0LinNOwOKiRucYqUciqTIYhXrUTqCfepvWmMOPrQwRRkjGelRbcHpVt1yPeoGXH40ihEA44qdDxVbPOP61IjYIoGWR9KeBUSsD0BqQE56UAxwHHSnCmjOKUHmnckdx3pCOtLR60CGEc03oKkIyaZjjvQUNo5zz0xQQcmkxyOtADm5XpSc4wetHIGaD9P1oAepxipR0qFeoHtUw6VSJZVsj+4H1qzmqlkc2qmrJ4NITFJFOBGKjpw+6aYEc3Ss4j5s9M1oSnj2qhJ97p3qGWizGcCratwKz0ParkZ4GetC3B7Ep6VDKODUvao5AcHinIlGfICG96dG/GKSbqOKiQ4qSy+rfNxVhW4FUkbuOlWY2GB70ITJieKp6lJcJp901kFa6WF2hVhnLAccdxnj8atnvWNrugx608W+XyfLVh5scKGYZ6bJDkpj2FWQcJeeNptHeNjds8UiySRRzuDuUPIVGT2IkiBOeiVFa/F/TBmG/Nt5i5TfBPjzHXAO1SOhY4BzjgnOAabJ8GdNncWt7eXdzDGd0d5JIGuCp4MbE+3Q4I9geup4e+EfhXw/dSXf2aTUrjP7uTUNsgjHsuNuf9ojPpineI7HRaRrmn6/ZfbNNnM8AcxF9jAbh1AyBnH+FaCtjHrTVt4YN/kwxx+Y7SvsULvc9WOOpPc0jHBFQWWo2qcNmqCtVpJMAcYpATgnGaVcgYyT7nrUYI9KcDz7UXEPDYApc5FR56UZ4NAEtNyKbuzQGwBimA49+9MOcjilz15pD94UAJg7RRzg0dvqaQ0wHp2PepweKrRgZFWB0qkSyrYj/AERaydb8WWGg6nYWV7Hcbr0ny3jQFV/eJHzzn70qDgHrnoDWtY/8eifnVS60O0vNesdYm3tcWUUsUKEKUHmFSW5GQw2DBBHGfWhB1HX2sWmnX2nWdzLsmv5mggG3hmCljk9uBj6kCll1aKHWrTSmhlMt1by3CSADYFjKAg85z+8XHHrVDWPCun65fQX109wLi2MRt3Qr+4ZJBJuTIOC2AreqjHFTatoEWqX9rem/v7Wa3jkiX7LIqbkdkZgSVJ5Ma8gg0aAV/EHirTfD1zDFqLSIs1tc3KOqggiBQ7r1zu2nIHfBqObXLWLw5/b04kisxaC8ZWUF1QqGAwDy3I4z1p3iHw1p3iKS3fUUlkFvuMSKwCqxI+bp1GMenPINQzaBZT6JZaPOZZLG2EKlHIbz1iACrJkfMDgE9MkCp0K1NeCRJokljdXjdVdHU5BUjIP5Gs/S/FthqOryaYkdzDOsk8aGaMBZmhcLIEIY9CQecZByO9WNG0yLR9GtdMhlmmhtYhFG0zAuVHQEgDoMD6AVW0rwnY6fq8mpie6nmMlxLGszKVhadg0m0BQeSAOScAYHU0K19Qd7Fi18T2t34kvNCjgmFxaMRIzPHj7iPkLu3lcSKM7cZ4pde8Qw6K9tCbea6uroyeVbwbQxWNN7tliAAB+ZIFOtvDlva69daul3d+ZcyGSSEsnllvLWP+7uxtQcZxnnFGu6BZ62IDctPFLAXMU0D7HUOpRxnB4ZTg/gRggGm7EoyNZ8W6bpvh6x1wrNPY3pjMTRbUO10LhjvKgcKeM5yQOtTXWs29paWc4jnma+eOO1gjTEkrupcLhiAvygk7iMYNO1jwvpWp6RZaTc2zrp9o0Zit0bC4RCiqcgkgA/XIBzkVHd6Ol1Y2kD3V55tjJHLDe7g0ySKpUOxKlWJUkHIwcmloVqaGlaraapp9rfWsu6C6TfFu+VjjqNp5yCCCO2KpT+NNHsdUl02dpvtcV9a2XliLO6Sdd0ZU55XAYk8Y2mm2HhrSbJdI8u03SaSjpZyysWdN4w5J/iLZyc9zxim3XgjTNR10a1cSXQvBNDKjqVAURsjKgyvTKDJPPLAEZoVgdzo5tRsra8t7Oe7gjurksIIXkCvLgZO0Hk4HpTYr+KfULq0Qr5lssZfDqT84JGQDkdD161VuNBtrnxBa60ZJkubeNogq7dkik5G4EE8EnG0jOecim2WkyQa1q1/PJG63gijSNVPyoisPmz1JLnpxgCq0IFh1rTL3T57+3voJbS33edMrfKm0bjk9uCD9CDyDUlldQahZwXVpKstvcIHikXOHU9CM1Qs/Cum6dod3pFstwLe7jMcjNITIV8sRABsfwooUfTvWnbxrbxRRAsViVUBc5JCgDn34qdC0UNO1rS9agln02/trqKJykjxPkKwGec+3OelUrjxBpq+H59ct7hL2whUuZLRg+7DBSB05BP6Uzw74Wi0TQ3sLuT7ZNcJ5dzI24B0wVVFB5ChWIA9zyaefDVmnhZ/D5mu2s3jMRkaUGXbkfxbccAAdOg9eaNA1LdxexWt/b2b5aa4aRUC46Iu5mOSOBwOM8kcVPDe28l69mlxA11EgeSASAugPQleoBqldWKXWqWeoTO4mtDN5YjPysJVCndkZ6AdMc+1Fjp0djqt7fRTzk3kgleF9pjSTCgsvG75ti5BJHHAGaHYepqWt9a3aO1tcwT7Dh/JkD4PocdDwaittbsZ9GtdWa4S3srqKOWN7lhHgOMqDk8H2qhoOgW+g/bjbT3Mn2uYzFZdv7rr8q4UcDcfvZNV7/wdZ6l4Kt/C8l7eR2kMMcPnR7PMdUGMNlSOR7dqFYWp0wYFgmRv67c849cfgaytH8Q2mth2s4bvyNgliuJISsU6Fiu5G78r3wcEHGCKng0myh1aTVkt/8AT5IEtpJyTl40OQMZwOSTwKr6Doi+HrEWUN7dT2cWEtoJ9uIIwchQQAT1xlsnAAo0FqW7PU7S/ur+2t5g8tjMLe4XBGxyocD3GGHP19Kp6d4l0/U7+WxtfOaaGSeGYNHgRPEyhg3PfepX1FV9E8L22h6pd6hBdXMs15EouhJtxNIHZvNOBw3zleOMAU/T/DNlYa0+sK8r30kc0LyHCh0kl80BgByUOQp64JBzRZBqTQeJLC41qfSIzK15BOYJk2f6s+X5gY8/dZeh7kEUqeIrR/EcuiLFcG5iVWd9gEY3IXHO7PRT2xnioU8M2SeIf7caSVr1XlKN8oASRVUxnA+ZQV3DPIJPrTU8MW8fiyXX1uphPIqK0RijK4VCgAfbvA5yQDyQKegalyHXLS41y50iJJ2uLVFeZxH+7QsAwUt6kHI4wcHByCBHq/iDT9Ento7xpA1wTgxpuCKGRS7eihpEGefvdOtNXQIl8UNrz3Nw85t2t0iIUKiMVJGQAzDK5AJIBZiOtLrXh+x197H7dErrZ3C3KLsGSy4IG7qBkAkDrgA8UaAWLfVoJdbutKEdwlzbxJMzPHhHViRlT3wQR29s1rL92se20eJPENxrLyvJczQiBQUVRHGCG25Ay3zZI3Zxk461sr92qVhPYq2GVtAPSuR8bRa/LfQnRDesq2UonhhZkWVWdF+VwQFlUEuvcgMOhrrrE/6Kveue8ReLBot89rHbQytFZm9uHuLjyUjiEgjGDtbLEk9gPl5IyKSAo+Ik15vFB+wrfFT9j+wvAzC3Qidjdedg45jx97qPu85rL8VxeKTr+ojSY799Ln+x7zEzgoY5FLeVg9HVmVsY+5znNdPN4lW2tPE13c2rJBoUjKxjfc0yrAkxIBAAPzgY59awdT8eT6daXgudJjF9aXVtDLElw7x7J03KwZULEjBBXb1GRwaLsDWulu28T65II7t7RtIjWEKX2NLum3BMfx4MfTnpWV4a/t/StJ1S41SG9vriCCD7Lv3M90FiOPkydr7mCv6lSe9Sr40jkmtGSxc2skNg9xIZRuhN2xWIAAYcAj5iCOvGea2vEGrPoOh3Worbi4eAoPKMmzcWkVPvYOMbs9O1LXsUkjmm/wCEkPw4urO8XUH1qzuUt2nt9++4QTofMRlAZgYyQSMfdYVfiTxEfBd7axfa0v7u6mt7CSZm823t3c+W8rckFUycnJ+6Dzmorzx29tDb+Xpge4a+uLCeNpnIikhUsdpSNiysBwdoxnnGDXW6pqEej6Ne6jOjNDZ28lw6pgsQiliB78UXJG6Dd3l7oFhcahayWt7JApuIZFwUkxhvwyCR7EVh6IfEH/CYapPfwSrpV4oa2V3z9mMT+Xgjt5i4cYz05x0rO1T4gXOlaVqMtzp9tFdWM1qsw855IhHOMhsqu4leQQB2z3qXVPG9xYhJjpsaxwWFrf3qST/OonkMYSMjhmUqxz0OAB1yDUCbwcmo2ugRWGo6feW81uZCZLlg3mbpXYBTuJOFK8ngZA+mfrttrMniFZbOO6cEWQs5YnIhgKzMbrzRuA+aPA5ByMAciumXVLK81i+0m2nD3tgYhcx7GGzzASnJGDkDtnFZXh3xFbeJba8uLZcLbXklty27IGCj/RlIapdyhLJL5fiJdSGPUG017bAeUssERATAUZ2uGyT0DKyvnKkUeERfWekzXepw6zJq8cB+2xzszJLMpZj5IJ2nPQbONu0dRxPdeIIdMv7+O7jdbazsI715owXYhpHQrtA7bM5z37YrftbiK5tYbmB98MsYlRgPvKRuBx16U7hY46JPFE3gHxJp2oQXLassc32SWJiTKJU8xQjfKSUZmTtjaK0tEtvEtp4esLVRAl7DqBF59tZ3U25di3kEEtjaVCbzkAYPSi2+IWh3Nnc3AW+RIIRNiWzdWkUlQoQH7xJdMD/bFW5vFVtBIxeK55t7WWOAwFJmed2REIYgBsrgg4wetO77EnLePtB8Sanf376ItwLW501LaZUmCGRldpF8v5h838DZx8r9eK6i4bWj4ytRENuh/Zi0m1EIaXLcOSQy4GzbtBz82cU7TPEVprU4js4rkxtZw3ouHQLGUlyUHXO7CkkY4x1pmp+ILfStU0+wngume9OElijDRx5kSMbzkEZeRBwD1pXb0sOxiLd69deERcaD5ck0uo3m2WJE+aLzJvKcBvlILCLceu0sRzW3jVW8QqZGK6atgpZUVNj3JchvmPz8LggcDmqdr4sj1R9Klsref7Ne6i1n5l1GYyyCGSRZI/7ykpgE+/pTNL8Vw6ja28htp2kltnvHWFPlgi3SBN+4g7m8thwCN3oCKHfsPQreKr7WLXVdEs9HdfNu5Jd8bRIyuEEZO4tyq7S+SvPTFWFl1mTxFq8E0TDSVtsWZSEZdinXzN2d24sNu0YwpzzUUHi+31CfTTaQyfZrp7hJGmXbIhjhEoKgEg5Bq/o+rW2uaXBqNn5ghlLKBKm1gVYqQRk9x60bINyroy6isnheK7julij0pvthct8lwFhUeYc4LYMvBzyCetM/tXxMvhKa/NjN/aiXKhrUWY3Im4B1Rd/7wDkq/G4dqSfxhpVnbXly/wBteKzuhayNFZu26T5gdn94AowJHQr9K3Zb0R6bNdxKJVW3aZATtDgIXHPbNGoFGyOqSavpNzdQXC7tFc3SKMRrcFojtIzjd9/HtkZp/hK/1fUdAWfW7J7W986RSkkPlEoG+QlcnGQag0vxjpmoWWjSv51vLqUhgSJ4WBSYLlkbjj2Peq+i+NYtZtdKeKzeKW7uvs1xDJuDQEwvKrDI/eKQnBHBB9qHfsJE0V94jkXxKHtxE8DMumL9kJDAA7G3bv3ob5CeBtyRmn2l3r9x/wAItLPBPEJklGqR+QoCSCL5Q3JKLvBwRnPHPNaWkavZ63Y/bbGRpIfMeJi8ZRgyHDAg88GqjeLNJS51C3Mk/nWLpHIn2Z/ndmCKsfHzksQvHcij5DKGo3/ia28J6reWtrJcaqL2ZLO3WzXKxCQqhKlvmBUBi3X5unFWLi88Q/8ACWaPHBaN/ZU0Cm8/0cHY7B85fdldpVOMH71btje2+p2Vve2solt7lFkicAjcrcg4PT6GsSx8Xadd3OlWxMoudRg86IpBIYx9/gsQME7GwCM8UK/YRmy6rrcvh66uNEjimlOtTQiWKDz9sHmEbwhcb+cA4YYGTxit4PqjeJpwQw0yOwjZFEK4kuC77hvzngKvHT5utZlr4z06+OmvYo32C5luI3mljMXl+VGZNwXHKn1/rVyx8U6ZqDaasJug2pCU2wltnjLCMZYndjjBBGM5ByKrXsA3wffa1e6UDr1jNbXqu5BkhWMGPdhM7SRux1xXUr0rG0TWLPXLEXtk0hi8x4iJIyjKynBBB962V6UdRMp6fza496pavoGlavLFJf2azPGpRW3MuVJBKNtI3KSoO05GQOKuWDAWwz1pbiTHODSbsHUyW8O6T/aNzqH2FXuLnf5xkkdlfcoRsoW28qoXp0GKqnwpov2A2X9n/uTMlxxNJv8AMQBUbfu3fKAAOcAAAVqtOD3pPOqblFFfDuk/aLOf+zoVeySOO3C5VUWPPljaDhtuSV3A7SSR1q5f6da6nYyWV9F51vLjem4rnBDDlSCOQDwe1TAjHejcB60gM6Twvo01tb20ljiK3aR49k0iMGkBEhLK25i245JJzk+tbZSJ4TCyI0ZXYUIypXGMEdxiq/mEjgUpOBxmgRSi8O6Lb2i2sWm24hWdLgIQT+8TGxsk5JAAA7AADoKYdA0j/QwNKtMWIAtQYwfJAOQF9gQCB2IBFXixzmmlj70XGRToJY3SQb0cFXB7gjBH5E1QsdMsbCV5LW2iheRIonKA/MkY2oDz/CDgVpkjbiqyj6Umxor3ehaXqv2gXtnHMLmFYJtxYbo0cuq8EdGJORzzWraW8NtaRWsCBIIoxEiAn5VAwB69Kij4NWE7YFK47GZB4P8ADsFvNBHpFsIpoTBIhBIaM7fl5P8AsL/3yKkPhvTRLdGaETw3FvDbfZpVUxRxxklVUY/vMWySTnpitUN8p9aax47U+YmxTjtLW3leaC2hikdEjZo0CkomdinHYZOB2zVO60ezu9ZstVnTfcWUckcAYAqu8qS/IzuGwYPua0HbB/GmZ5NCY0VLfR9LtTH9n02zh2Ttcp5cIXbKQQXGP4iCRn3pIdF0u2ktpIdNs43tkeOBlhGYkbllU9gcnI9zVzPNGfWncDOi8P6NaxRRW+k2MMURkaNI4AAhddrkD/aXg+ootNNsdLs0tNPtIbW2QkrDCm1Rnk4FaBIqJ/bilcDIl8PaPcRXMc2nW7pcz/aJxhh5kmCNxwevJ6Y6n1rUW3gNp9lMS+QYvJ8vts27dv0xxTAcdaerHPpRcLFCPwvoUL2Lx6ZEr2MzT2xDv+7dsZI+bnO1euRxU9poGkWUcK22nxRrBObiMBm+WTYUzyegVmAHQA8Cr6ninZouwsU9J0vTdA0/7Dplqtva7i/lq7MMnryxJ7Cq8mhaLLNdzSWCmS8IadvMcFyGDgjn5SGAIIxgitIgGo3Uc8Yp3YiS3a3tbeKCCNY4oVCRogwEUdAKzYfD+iQT2csGnxpNZLstpFZiYh83TJI/jbrnrVgjB6UqHDAgUJsdihoXhXTtF0yyszuvPsbyPDJcfwb12sAucAEZyOmWJ4zVyDw9o1nHZJFp8YSxLG2BZm8rcMHGScnBIGeg4GKuI/HQfnU3JXIAp8wrFPR9F0rQ4Fh0qxis4SMbE3Y656EmtlPmGQeKqLwF46+tWojke/pTvqJoisgDbKehxRc42N6YptkwMOOhFLdMCMUNgtzPK89aAo5pSQPWgYOTzUIoMAfxUoUYHzUccdacOgODSEAGR1oGcgZNKMc0DqKB9BM8dfzpGJz1p2fl5FMYZJ4NICNieMmlX2prDocc0Aj07+tAywnWpoz0qsrL0wfrmpVcccUAWAxAxTWY0xXHPFDHnvQIjY+9Nz16Uj+w/Wo+M85pgS5OR70uTjn9KjyMjilyDgc0agOPP1pjdPSgkZPy/rSH7v3aaEQEc09evXtTCBzwacME80DJ1JAp4PrUKkAdDTtwA6GkA/ORzTT0I/WmGQdNp496N44+WhARv1pF4xTmwW+7xQF6CmBIvAq7CeO3SqAH1NTwNjIJP0poRdwBgce1SRnjGOntVfcMqfaprc7s89s01uJn/9k=', '霸王别姬', 1993, '1993-01-01', '中国大陆 / 中国香港', '汉语普通话', 171, 9.6, 'No.2', '再见，我的妾 / Farewell My Concubine / Adieu Ma Concubine', 'tt0106332', NULL, '段小楼（张丰毅）与程蝶衣（张国荣）是一对打小一起长大的师兄弟，两人一个演生，一个饰旦，一向配合天衣无缝，尤其一出《霸王别姬》，更是誉满京城，为此，两人约定合演一辈子《霸王别姬》。但两人对戏剧与人生关系的理解有本质不同，段小楼深知戏非人生，程蝶衣则是人戏不分。\n段小楼在认为该成家立业之时迎娶了名妓菊仙（巩俐），致使程蝶衣认定菊仙是可耻的第三者，使段小楼做了叛徒，自此，三人围绕一出《霸王别姬》生出的爱恨情仇战开始随着时代风云的变迁不断升级，终酿成悲剧。'),
	(5, '2023-01-30 15:01:20', '2023-01-30 15:04:55', 'MOVIE', '/subject/1292720/', 'https://img2.doubanio.com/view/photo/s_ratio_poster/public/p2372307693.jpg', '/9j/4AAQSkZJRgABAQAAAQABAAD/2wBDAAgGBgcGBQgHBwcJCQgKDBQNDAsLDBkSEw8UHRofHh0aHBwgJC4nICIsIxwcKDcpLDAxNDQ0Hyc5PTgyPC4zNDL/2wBDAQkJCQwLDBgNDRgyIRwhMjIyMjIyMjIyMjIyMjIyMjIyMjIyMjIyMjIyMjIyMjIyMjIyMjIyMjIyMjIyMjIyMjL/wAARCAFvAQ4DASIAAhEBAxEB/8QAHwAAAQUBAQEBAQEAAAAAAAAAAAECAwQFBgcICQoL/8QAtRAAAgEDAwIEAwUFBAQAAAF9AQIDAAQRBRIhMUEGE1FhByJxFDKBkaEII0KxwRVS0fAkM2JyggkKFhcYGRolJicoKSo0NTY3ODk6Q0RFRkdISUpTVFVWV1hZWmNkZWZnaGlqc3R1dnd4eXqDhIWGh4iJipKTlJWWl5iZmqKjpKWmp6ipqrKztLW2t7i5usLDxMXGx8jJytLT1NXW19jZ2uHi4+Tl5ufo6erx8vP09fb3+Pn6/8QAHwEAAwEBAQEBAQEBAQAAAAAAAAECAwQFBgcICQoL/8QAtREAAgECBAQDBAcFBAQAAQJ3AAECAxEEBSExBhJBUQdhcRMiMoEIFEKRobHBCSMzUvAVYnLRChYkNOEl8RcYGRomJygpKjU2Nzg5OkNERUZHSElKU1RVVldYWVpjZGVmZ2hpanN0dXZ3eHl6goOEhYaHiImKkpOUlZaXmJmaoqOkpaanqKmqsrO0tba3uLm6wsPExcbHyMnK0tPU1dbX2Nna4uPk5ebn6Onq8vP09fb3+Pn6/9oADAMBAAIRAxEAPwD32iiikAUUUUAFFFFABRRRQAUUUUAFFFFABRRRQAUUUUAFFFFABRRRQAUUUUAFFFFABRRRQAUUUUAFFFFABSEUtFDVwG5xSGnEUlQ0IdRRRVjCiiigAooooAKKKKACiiigAooooAKKKKACiiigAooooAKKKKACiiigAooooAKKKKACiiigAooooAKKKKACkPFLRigAooooAKKKKACiiigAooooAKKKKACiiigAooooAKKKKACiiigAooooAKKKKACiiigAooooAKKKKACiiigAooooAKKKKACiiigAooooAKKKKACiiigAooooAKKKKACiiigAooooAKKM0UAFFFFABRRRQBFcXEdrbvPMSI4xliFLYH0AJot7iO7gWaEkxtnBKlTwcdDyOlLcQi4tpYGJAkQoSOoyMVjpoVjBrEM4uis3zOISQN5yxLYHrv5POQB6UAblQx3cMzqiOSWDkcH+BgrfqaxZvCdtKGDXdy25GTLkMVDcErkfK2AgDdgvuasWOi2ulX/2hJQPM3oiFFXl2DkZAyQNvA7CgDYopryJGu52CrkDJPcnA/U06gAooooAKKKKACiiigAooooAKKKKACiiigAooooAKKKKACiiigAooooAKKKKACiiigAooooAKKzdVj1WTYNNlSM7WGWxgNxgnIORjPTvjtVQweIFm2i7QoJD8x2cpn5eNo5x979KANe7ilmtZEgm8mYjKSYyFYcjI7j1HcVjroN2t2bhtTkkcQPCjOp3LkEKc56gYJ9Tk8ZpZl16W5nFvOiRq5SIuoAPfcwK5Iwdox3XPOeEubXXim6znt4GkYySjhm3cgAEjGANmT/se9ADToOo+bPs1y6jRwVjwSxRDxjk9QOjdcmlXQrv7GFkvnlmE6ygu8mFABG0EMCOpOfzzUPie0kv73QLMzzxxPeM1x5ErR7kWF2wSpBwSB+dcnommjU/GPi3SpLq8ENuqraYvJf3BIPK/N64qHOztY66WFU6bm5Wsr7dL2OwXw5cSWaW95qc1yVuI5t7lgW29ehGCc9uBT00TUEsp4TrEzTSOjJM24lcEnOM+4GOh2jPWq2i6/Y6f4X0VNUv1jum0+GSQSsS4G0Au3UgZz8x49627rVtOsYYZru/toIpiBE8sqqr5GRgng1SkmrmEqUoytb/AIJlDw7ekTN/a88UjtmPy5JCIxhRgBnOejdf759BWxYW8lpYxQSzNM6Dl2JJPOcZPPHT8KpQ+JtEnvLm0j1W0ae2VnlXzQNqr945PGBg5PbHNTaVrul62krabfQ3PlECQI3K56ZB5Ge3rRddxOlNK7TNCiiimQFFFFABRRRQAUUUUAFFFFABRRRQAUUUUAFFFFABRRRQAUUUUAZ2q3WoWxh+w2on3ZD5B+Xpz17c8dTxiqlpe69LcKLjT4IogRvAyTywHByP4SWzjtj3rcooA52VvEJ8iRUBKTTuyFByoU+WpIYdfX3GRxRJqeu29u7yafEzLGS3ylVRsg9dxyNu454wQB3roqKAOXgutcvNO1KWEITKZPszqmOVCKMAueG+b6EE96uQ3GvRm5iezhcQwnyX5HmsAuCeTjJ3DHsDnmo01XUbaUwyWbTs8rBDkjahkKjgJwAACeSeR1zSRa/fzSxRnSWhZ5EVixZtoLDOcL/dyc+4oAQalrzyrEllAxQ/vXwf4sFRjPB25z6ZX1pb19cu7GOFLYRtNGgkIUcHfh/4xt+XkDnOccYpf7Tu7e5DSpcy/M6yxCLCwjJ2kYXJB4AIJznOAOjF8Q36PbpcaT5TSxmTaHdiMbMr9z73z/T5TQB0R6GvPfCX/JUPGH1j/nXoLMAjMegGema878KOyfEXxFdPb3aW98yfZpXtZFWTHJ5K8fjisqnxR9f0O/Cfwa/+Ff8ApUS78Org6t/wkOrTgNLdam0ZJ/55ooCL9AGNcPd3cjfCvWNMZiU07V/s8Jz92PfkD8Dn9K7fw/5Pgu+1uw1DzIrae7N5ZyiNmWVGHKLgHLqQBt6nIIBrmdT8P39r8MrqN7G5bVNV1D7abaKFpGQFgdrbQcELyc9yRWMlLkt5M9KjOmsQ5dHKHL8v8lo+xueM9OtV8S+BrUQoIEuGiCY4KAIQv046Vbtz5fxouwOBLoys2P4iHABqLxbK114h8I3dvbXssNtOZ5nS0lPlodoBb5cj7p461KFlHxg+1/Zbv7KdM+ymf7NJ5fm787d23HTv096tr3vmvyOaLvQim/sS/wDSmzuaKKK6DxwooooAKKKKACiiigAooooAKKKKACiiigAooooAKKKKACiiigAooooAKKKKACiiigDlviDd3mm+ELvUrC9ntbi22Mhj24bc6qQQQc8E1a8PRTah4RsJri+unubu2SV7jcokUsqkhSFwBkdMVS+Jn/JO9X/3I/8A0YtJ4SuNa/4RHRvJsNPeIWUIRnvnViNowSBEcH8TWV/3lvI9DlTwSkkr8z7dkZ/wv1PUdb0m9vtS1C5uZUuWgVXK7QoVWBwAOeTzXawX9pdSyRW93DNJH99I5QxX6gHivKPANhcar8M/EenWpCzz3bxqS2AMomefpmtbxLc6NYah4Vh0KW0W4ttTitz9lIJSJvlZGK+vcE5PWphNqCbN8XhY1MXOENNXolorK/4nocl1bxRSSyTxpHHy7s4AX6ntWN4qv5YfB9/qWmXxjkhgaeKaHY4bA6cggiuXsNIsbn4wa7FNawvbpbRS+QUGxpCF+Yr0JGWPPc561m2Crb+D/iHYwqEtba7uVhjXhYxg8AdhwOKbqOz+f4EU8HGMou9/ge3SVtD0Hw9qL3XhfSby+uFM9xaRySOxC7mKgk44HftV661KxspEju723gd/uLLMqFvoCea4fwfJp/iex0u0k+z3EGiWkAeJ4wxM7R9Tn+FQCB6tn+6M0tM8S6Jbavr+jeKYRb3lzeSh5rlNySwniNd38KhcYzxjnOSaFUXKmyJYKUqk0k7x1aS1s3/kenjkZorntAki0Dw5oWm39xGJ5ES1hKZdZHCkjBAxgqpOeldDmtU7o4Zx5ZNLbv3CiiimQFFFFABRRRQAUUUUAFFFFABRRRQAUUUUAFFFFABRRRQAUUUUAFFFFABRRXl3xV8aeIvBFxYTadPYyW187IIprUlotoXJ3BxuyW6YFaUqcqkuSO4m7K50fxNmhj8AanHLNGjSoqxhmALkOpwPU4BNT+CdQsx4C0qZru3EVvaRpM5lXbGQoyGOeD060r6T4sOceJdPJH3d2kZAP/f2s74b+INa1+x1mLxBDax3thqL2brbxlV+VVz1Jzznn0xUexd3UT2Oj6wvYKi11vf5WPMtPuZP+FZ65bWs+f8AiaCS5jif5zb4AZsDnbnaCeldn4w1fRnHha30ea0bTrbVYJJJLZl8mEfwqSOAcbjjqAMnqK9Q2Kc/KORjp2pkMEVvH5cMSRpnO1FAH5CudUbK1zunmSnUVRw6t790l26W0OA0e/sm+MGvOt5blJLOJUYSrhioUsBzyRg59MGsG11GyOgfERReW+64upmhHmj96DnBX1B9q9hoqvZ+ff8AEzWOSd+XpFb/AMtvLrY8etJF8Mr4a8XWTo9lNaw2GrJEc7W2j5mA/iGBn3Uf3q6C2n8NeJdDuY/Ec9pLPaXM6efNIElEfmM0bK3DbShXGODivQajeCGSVJXiRpE+6zKCV+h7URpW06CqY72lpWakuqetui26Xt93Y4DRYL3R/D3g+3kkuod+puvluxVvIZJmRXH0CnB6dOKteFdRmfWLW11Jby21E2b+ZvkMlvf8ofOifO3jnjAwHx0FdXf6XDqM9jLNJKpspxcRhGABcKV545GGYfjVHQ7DSzDbTWGofb4bNDb27CdJVhGBlcqOTgKMkk4+py1Ta22RE8TCak5LV3/Nv9TcooorQ4gooooAKKKKACiiigAooooAKKKKACiiigAooooAKKKKACiiigAooooAK8R/aJ4tPDp/6bT/AMkr26vEf2ixnTtAPpNOP/HVrrwP+8R/roTP4WeneJNcfStR0CyhkjE2pagsBRhkmIIzOR+SjP8AtCsSS+fSfG9/o2hJDd6pqxXUZ1mJSGxjWNIy7FclyxUYUY65JA6s1rwHpNjr/hvV9E0aG3uLXUVE5tYtoMLIwJYD0bac9uawPAs73vxw8cXExzJGogXPZVZVH6IKUIRcG10X6g3qdppfim6l1298N6naW8GtwW4ubcJMfIu4jwGUkblw3ysCCR1G4Vzdl8S9a1uXXtO0rw5b/wBq6RJIsqyXjPEyoWDEERgliy4VcDPJJGOc/wAczvY/HTwRcxEh5UMDY7qzMp/RzUvwlQL44+I57/2rjP8A21nqvZRVNzt0T/Gwru9ib/hbtxbxeGZrrQEaHXYyYjb3ZaRXBCldhjAyWIA+bvzitWz8e3un6r4htPFVjaWMek2sd351rM0iuj9FG5Rk5+XoMnjFch4t0G38OeL/AIY6XA7SQQX8wj3DGAZo2A/DcB+FWfj3ZfZPDp1aKVw960Gnzp2ZEMkyn/vofy9KqNKnJwil8X+f+QXZ0d3431zSvDlt4s1HSbVdEm8t5LeKVjcwRSEBXJI2seRlMDGetbd54lmutVt9I8Px29zdS2q3r3E7sIYYWOEb5Rl2bnCgjgEkjjOZq/hPXPEvhJ9Cudc0uKyniiUmDS5A6hSrDBM5H8I7VxniLQPFvgLUdM13wy/9qR2mmQ6fexiEtuEY4LRgkhSMHKnIwexqIU6c9E1fX08gbaO4tfEniFfFN34ZutO0+S/Wx+3Wt1HM8cM0fmBCrAqzKRk9N3QdM1yHwIfU18KTJbW1kbD+05POkedllU+XH91AhB7dWFangL4g6N448SQTT2smn6/b2ksCxbw0U0bMjNtOAdwKA7TjAJ69q/wCYDwLqBOABqknX/rlFWkouFKcZRs/d/UV7tHq1FFFcBoFFFFABRRRQAUUUUAFFFFABRRRQAUUUUAFFFFABRRRQAUUUUAFFFFABXhn7Q13bXFvpFlDPHJdwSyPLAjZdFZFwSByAcV7nRWtCr7Kop2vYTV1Yo6Zq+m61bvPpl9b3kSNsZ4JA4DYBwSO+CK4BbJPB3xjvdYvXWDSNetdiXLnbHHcrtOx2PClgrEZxknA5r02uc8V+J7bRBZ6ctqNQ1TU5PJtLHcAJPVnJB2oO5wfpRTk7tRW4M5Ke2g8V/F+01y3mjl0Tw9ZnzrtTmJrg7jsVhw20MGJGcYweazvhTqVkPHvjhPtEY/tHUfNs8nH2hQ8zEp/eGCDx611Wt3HjTw94el1S1fQ7xbSLzJdPispIsRgZby38w5IHqvPp2re8J6+PFHhew1pbdrYXcZfyS+/YQxUjOBnp6Vs5tU3ppt+pNtTzr4qX9qvxC8CnzlP2C+Ml3gE+QjPCQzegwCfwNdZ8RPDv/Cb/D+5tdPZJZ2VLqzYN8rsOQAf9pSQD7iuy/OisvbNKNt4/wCdyrbnC+H/AIgaO3hSyF1cga1FCsE2lf8AL21woClBEfmyWHBxjBySBmszw9qC+EvGN3YeIJRZi9060dLqdtsMlwit5qrIeCcvwM9Fr0vy08zzNi7yMbsc49M0OiyIUdQynqrDINLnjrpuKzPPhp+l+IPippOu6HHBJHpsM5v7+3AMczuoSOMOOHcBnJxnAwCeQK4z4eXMGn+Dda8IXL7Nem1UxpYlT5hBEa7sf3RtYk9ABn0r3VVCqFUAADAA6CjaN27AyeM1osR7vI1pp+F/8xcutxaKKK5iwooooAKKKKACiiigAooooAKKKKACiiigAooooAKKKKACiiigAprusaM7kKqjJJ7CnV5j8VPFGbOTw1pF5KmpshmuTEQqxwqpJR2PQtlRgc8+4BmUlFXZpSpupJRRyvij4jeM9HhutSttX0WWyWYiJPsbKXUnAC5OTUPhf9osvPHb+J9MjSNjg3djn5PdoyTkeuD9Aa57xHpn9qaHG80CBYPmOHP7oY9uv/1q871zRV0qSIxSF45EDjcMHB5rkwuJ9orTep6GOwXsvepr3T7et7iG7tYrm3kWWGZBJHIhyrqRkEHuCDXjWhXzeIv2kNSnkYsmlW80ECn+AJiM4+rO5/Gu1+EYuR8K/D/2vd5nkMRu/ueY2z/x3bXnfw4U2/7QHiuOQYZje4z3zOjD9K9jDJctR+R5Muh7wyhlKsAQeCCOCK85vNTuPhF4AsY5bBNRtLaSSIvHc7GUNIzRjBU5+U8+hHeul8V61q3h/TbrVLTT7G6srS2aebzrt4pDtySFURsDxjkkc15T478V3fjP4LTaxNp8FlA1/GkSJcNKxKlg27KKBzjGM/hU0Kbk1f4W0DZ6b4v8YzeFfDMevLpYu7QKjTD7SI3QuVCgDad3Lc9MY71neJPiVH4Zt9BvbrS2ew1ZYyZVuPnhJAZspt+bCtng8njis74sc/BS4P8A0ztP/Q0rnPiEofw78NNwypntgQe+UjrSjShJR5l1f5CbZ12qfEi78M6nYDxPoY0/TNQVzBPFcmaSIqM7ZUC8McjhScZ6nmppfHup6R4h0ax8Q6DHYWusv5dtNFeea8UnACSrtABJZehIGepwawvjWqmXwiWAI/tdQR7fLTvjL8t/4Mf+7rC/zX/CiFOEuTTe/wCANvU3NT+IdxpnjceFm0My3c8e+zeO7ysuSQob5PkHysWPOAOM9Kuab4wu4vFq+F/ENjb2eoTwfaLOa2nMsNwozlRuVSrDB4I7H2zyuqoD+0toxP8ADpbMPrtmH9aZ8XJDY+NfAN/FxKl8ykjuPMh4/IkfjTVGEnGCW8b/AD1/yFdq7PXKKBRXCaBRRRQAUUUUAFFFFABRRRQAUUUUAFFFFABRRRQAUUUUAFFFFABXh3xmt2Xxjpt2scyj7Ft8wR4UsHJA3dCfbtx617e8iRqWdlVR1LHArPudX0zyyskscqn+ELuBrKslKLi3Y6MNOVOfOlc+dRqqXEDWrsNz/K8ZXO7/AOt/9at1PhrJ4x1DTWkEiWO/dcy7SNka9UU+pOAPTJPausXwvpZ8RX2q28UUYnkDogiAEeABgA9OhPHqa6jT3ntGAjmQIDkrtIB+oBrzqdOFOakm9D18RiJVaThax01tbQ2drFa28SxQQoI441GAigYAHsAK8m8R6Y3g34yaf4yk+TRNRH2e+m6LbyMmwFj2UkIcnuG9q9Uhv4JVyWCnvnpU7pHPEyOqyRuCrKwBDA9QR3FexRrJN21urHgyg1ucp8StQtLT4a65LPcRok9m8URLD53dcKB659vrXkq6Zd3X7MjmOCQmK8a5I2HJjEnLD1ABzn0Br2qHwT4WguBPF4c0lJFOVYWafKfbjj8K3sDGO1bwrqnFKK63IaueK/EfxXpesfCBLTSbuG+lkitnuEgcObZAU5kx9w7tqgHBJPscZvjnV9NufDHw7WDULSV4Jbd5ljmVjGAiBiwB4AIIOe4Ne7W1pbWasttbxQqx3MIkCgn1OKmyaccQo2SWzb+9Bynj3xo1KwmTwoYb22kP9oR3Q2Shv3J6Scfw8delHxm1OwmXwm0N9bSEajHdDZKG/cnpJx/Dx16V7DRnjPNTCuo8um1/xDlPFvFWrQWXx68PaxE4nshpayyTRHeohbzw0mR1UA7iR2BNafiMW3jz4m+FrXSbiG9stGLX17c27iSJMspRCw43Exjjrg57U/W7fUT8cdK12PSNSl02ysmtZp47YkbyJcY7kfOvI9/SvToLeG2j8uCGOJMk7Y1CjPrgVrOqoKDW/Lb8yUr3JaKKK4jQKKKKACiiigAoorM17Vv7F0trsRea29UVC2ASTjr9M0AadFcXaeO3uLyKFtPRFdwpbzs4BP0rtKACiiigAooooAKKKKACiiigAoorH8U6kNK8OXl0YZ5sIV2wMqvzxwWIAobsNK7scP4r8QCTxdbWUUsLRjdDKq3AcrkfKSo6c89e4qK3ufNVTwD0I96870Mx3Osvd29o1ohJk2M+9gc7VycDnc2eAB8tamga99rhM+4YkkZlGeMEkj9K82b5pNnqw9yKR6Lbv79at+bg47nNYtleLIgAbJIq15/zc1nY1bvqaMNwdxANW7XU3hfG44BGeeMZrFVyrZBx9Kq6hrEdlLa52FpphHh22gDkkk+wH6inqtURJRkrM9NBBGR0orO0S7S70yNlmWUqMEj9K0a9OMuaKZ5Mo8raCisS/wBda01OSzVE+SNHyc85z/hU+lao1/JKjhQUAI2infWxNjUooopgGB6UUUUAGQc+1FFFABRRRQAV5F4v+OS+FPFN/ojeHHuTaOq+d9sCb8orZxsOPveteu181fFXQPDN38SdWn1Dxlb6bcv5Je1bTriUx/ukA+ZRtOQAePWgat1Nlv2lgOnhE4/7CX/2qpIvjAfHsiaQNC+w4Pn+b9s83O3tt2L69c9q81HhbwTjn4iw+v8AyBrn/Ctrwro/hrTdcSfSPFyatdeWy/Zhps0HykctufjjA496Q9Dv7TdHcJIwyVy2Omcc/wBKoQftHvcZ2+EvrjUM/wDtOp7K3FjPIn2q5nM0ry5nbd5e4D5V/wBkelebWvhbwUCfJ+IEsnsuhT//ABVS3oaU4pySaueiyftEyp/zKg/G/wD/ALXTP+GjZcf8iov/AIHn/wCN1wTeGvBhPPju43eg0Gb/AOLqNvDfgteD45uvp/YMn/xyp5n3On2VP+V/id8f2jZj08Lxj635P/tOmH9o65/6FiH/AMDj/wDEVwR8O+Cx/wAzreH/ALgT/wDxymnw/wCDeP8Aisr4/TQz/wDHaOZh7GD6fmd237R19zjw1bj63bf/ABNRP+0dqY5Hh6zH1uX/AMK4WTRPB0bYPirU2910X/7dTDpHgrHPijVj9NFH/wAdqlIiVJLodwf2kNX7aDYD6zPUb/tH65/BoenD6ySH+tcMdK8Dd/EWtn6aQg/9q0n9l+Bj93W9fP8A3C4v/j1VdGPs5N2SO2P7R3iLto2lfj5h/wDZqyPEHxu17xFp5srnT7GKEkE+QZFP6sa5yfTfBiwSeTq2vNNtPlh9OhVS3bJExIGfasM2ChflnYn3jx/WplKOzNYUKt7pfkblv42v7aCWGCzt0EihdxLFlABAxz/tZ+tUbHxNe6dCkUEabUAA3ZJqvHaWwspGku5hdbsRosIKEcclicg9eAD0qsbUfxXI/wC+DWfJT2t+Zs41t/8AI6a0+I+s2hBSOA4OfmBNaY+L2sjk2Gn5xj7r/wDxVcMLOMjIuf8AxynCxGP9fn/gFL2dL+rglX7fkdyfjDro5Fjp3/fD/wDxVVLn4o63dXdtdCC3hltwwXydwDBsZDAk56CuRFpzxOu3/c5q/La6Mv2Xy72+6H7Tvt0GDxjZhue/XFJwp9vzK/fbv9Dt7H46eJdMVvIsNLIYDO+OQgn14YVO37Rni7tp2iD6wSn/ANqVw8MfhTbi8vtZB9IbWIj9XFWjF8Oc8X3ir/wCt/8A47WtNJLQ5K7d9f0/Q9P8P+PbnxbZ3Gsal9ltriJTDP5WUjVVwVb5iccFu/arusePtQ8JaJFq+mRWdz9pmSEedl0KFWYMpUj+6K4/4ew6HLeavb6Y13cae8USldQiRGcktuBVWYYx7+tdJ42tNAj8MWtrqz3llZRXKCFdPgRiCEfC7WIAXGaqRnD4lpcx/wDhobxUTxpmj/jFJ/8AF05P2hvExIDaXpPvhJP/AIuuUFj8Oy2P7W8TZ7/6DB/8XUq2Hw5yCda8SKR62EP/AMVUfP8AM6LL+X8j6F+Gfi+98a+GJdTv7aGCZLt4NsIIUgKpzyT/AHq7OvP/AIPJo8fgyZdEu7y6tft0mXu4VjcPtTIwvGOn516BWkdjln8TsFFFFMkKKKKACvnL4r/Dbxb4g+Il/qek6PJdWk6Q7ZBLGoJWNVI5YHqK+ja+Wvj+rxfEkFWK+ZYwt97Hdh/SgDGX4O/EHbt/4RxyPe5h/wDi61vD3w/8W+FtYj1LWNGNrZhWiMnnRN8zDgYVieceleXieYdJXH/AzXS+BriRvFMCvK5zHJgF8jO00WK5nseuWKXEUqC6vWu3Z3ZZGQJhSeFwPSuDt/g98R4myNCwAeP9Mt//AIuuys7ppdVktGtZ0WJVImZcJJuGTtPtXh41C83c3c+P+uzf41Nr3uXGcotNM9J/4VH8RG5bQ48+pu4f/i6T/hT3xCLZOixE+93D/wDF1559unxk3c2fTzj/AI0C9uMH/S5eP+mx/wAankj2OpV6v8x6H/wpr4gOfm0pB7fbIv8A4qpV+DPjctl9HQ47C9i/xrzM3tweTcyH/tof8aQ3k2OJ5B/20P8AjRyISxNRdT02T4MeO5RxpkKn1+1xf41CvwQ8egn/AEG3Of713H/jXmpuZT1mf/vs1GZXP/LRj9WNUoJGc8ROTu2emt8DfHR5a1tFHp9sSnD4KeL15YWKH/r+T/CvLck9Tn8aUY9aHEzjVknc7PxH4E1fw1Lbx3kcUrzKWH2WcS7cY+9jp14rIstF1C/1O2so4pEluJAitM4RRnuWPAHesTPv+RoJGeuaXK7mvt9NtTsdZ8E6noYBuLnTn/64XySHpnoK5vypCfmz+aj+tU+MelG4dM0crH7bTUvBXQY44/2l/wAaky+3GFP/AANRj9azcj+9Tlwf4qTgUsQ9kWm8xDwmR7HNaVjodxqWk3moLd6dCLUZMFxdrHNIMZ+RDy1YwKj+IfnSpC85KwxtIwGcIpY/pRyhKo7bi+S0vA2r/tOwUV00Hw6uri3jmHiHwwgkUMFfV4lYZ7EdjXJTQyxSGOSN0furKQfyNTR6XqEyho7K5dT0KwsQf0rRJo5JyUj1T4faO+g6rqdnLeWF2/kwyiSxuFnTlm43L346fStPxB4Ua98Lx6Xp91bQhb0XJbUb4IOVYEBm9znH1PrXL/DKGeyu9TiuIXhkMKMFkUqfvehrV8Zx6jfeD0WaxC3I1BcxW7mcbQj4OVHvSY4fEjEHw31QNn+0/Dp+usRc0H4ealgj+1PDQz/1GYv8a5QaTqJb/kHXf/gO/wDhSjRtROf+JZe59rZ//iaix0cz/m/I+oPg1pE+i+CprW4uLGdzfSOHsrlZ0wVTjcvGeOn0r0OvMPgPaT2fw+lSeCWF2v5WCyoVONqDofpXp9aI5ZbhRRRQSFFFFABVeews7mTzJ7WCV8bd0kascemSKsV5z8Q/i1aeAtWh0yTTJru4mthcBlkVUUFmUZ7nlTQB3X9k6cP+XC1/78L/AIVyfxCsbS28ORyQ2sEbC7i+ZI1U9T3Ary8/tB3LyMzRSRgnIVLeMge3L0k3xZHjAwaOyz5eUSZeGNB8oJ6hiaVy+XzNC0YNewrjPHr7V7d/ZWnjpY2v/flf8K8R0+Myatbxr1bPf2pyfH23DFHjvcqcHMEI5/76qb2Y4wc9Ee2/2ZYj/lytv+/K/wCFA06yH/Lnb/8Afpf8K8YHx8sR1ivT/wBs4f8A4qnD4/aeOtvfH/gEP/xVHtEafVZns/2C0H/LrB/37X/Cl+xWo/5d4f8Av2P8K8ZHx9sP+fS9x9Iv8aQ/tAWAH/Hlen6rF/8AFUe0Q/qtQ9o+y24/5YRf98D/AApfs8I/5Yx/98CvEm/aAtD92xvB+EX+NRyfH6JACbG9we48mj2iF9Wna57l5EP/ADyj/wC+RXMePPFem+DPDc97cbPtMimO0hCjdJIRxx/dHUn/AOsK8nuvj/HcQPEkOpwlhjzIvJ3L7gkEfpXCXni3RrwXhk/ti4uLtSstzex29zMB0wrsuUGP7uKbbewo00neTMmxjGq3lpFBtlmZtoiH3nlY4HA7ZNfX3hnQoPDPhyx0iDBW2jCswGN7nlm/EkmvlXUfiBfX1tbQLO0QtJFktpIdNggkgK9NjR4x9OldDafHbxTE5FyYb6JlwySQCI/gUqIx5Xc1qN1eqRu/EOw0/U5prl4lW6WTeQ64Yj0P4EVx8enx3tpc3kYRpI3BdNo+YMf8a07z4t2uslE1bw1F5Pd7OcrIBjnqCCPbj61v+CT4aSOS50ed5DIwZ4pWDPGc8AjAC/r9a460ZXuzqg4v3TmrTQ3nhjlTYqvlQdo4xTbzRJY7iNm2BFRmYbR8xyMf1NekxwafCcLbzIu4uB/CCfSsHxXqHh7S0Zr+7ukmK4jgtwGdu/fgfUkfjWCi3pHcppLVnFXNo0MCysi7WbbjArrPgWVXx/qSIu0f2axOPaVP8a4C78SW83mwiwumt36LJJhgfXKqKg0/xFqWiTvL4dS8sDIyl2Rndmx0UnAyPY8V00Kcou7RjWScWkzr/jvpUunfECPUg7ul9bpKjN0Rk+QqPbhT/wACrtfgb47TVoL3Qb1vLu4j58G5+GTADKM9wRnH+0fSvHfE/irxR4w+z/22Zrr7MHEWy1Ee3djP3V9hXPwLf6a73MVveQ4HL7SMD644+tdfLrzLc5nJWUJM+gvHBYfFO6OTn+yIMZP/AE0krofh9Iza5doTwLbPB/2hXivg7UbrV7qe6u7ieR44VgTzpDIdqnIG49ANx4967C517VvDtk1/pAn+0O6wEQRCRtpBJ4KnjIHOK06XZjypy5Uz6A/E/nR+J/OvnSP4qeOGb/UaoR0/48U/+N1dtfiz4xgnV5dNvrlR1jlsiF/NUB/Ws/aeTNPq77r7z36isLwhr0/iTw9DqVzYvZSu7qYX3ZG04z8wB5+lbtaJ31MWrOwUUUUCCiiigAqKW1gnYNLBHIwGAXQE/rUtFAFcWNqOltCP+2a/4VyfxHghh8Iu8cUakXMHIQA8uBXaVx/xN48D3JwTieDoP+mq00B5to823WYD/sMR7fLXS/DX4cadZeX4luld7ySaaS3iziONGZlBxjkkZPPAzwO9cXpk+3UIWz0Rv/QDXvejxiLRLCMDAW3jH/joqepTZP8AZbf/AJ4Rf98D/ClFtAOkMf8A3wKlopkkfkxf880/75FL5Uf9xf8AvkU+igBvlp/dX8hXJ+OviBo/gC0tJdShuJpbtnWCK3RSTtA3EkkAAbh789K66vA/2lhn/hFvrd/+0qASuyvrP7Rtxc2Fzb6RobWk7xssV1JcqzRkjhgmzBx6E1y2h/Fzx8dXWeTUZryGRsSRFIlUkD+H5cL+HWvOkg/eAPwO9dJ4atziNs8LdSD8lX/Gs6k7Rujpp0ve1PcNG+K+o3HizT9HlthNFdSojSSBUZQzbeAvcEivXsn1r5l8PRbfiJoT8/8AHxDj2/eCvpqlRk5RuycRBRlofHl7GyeKNSh8tjJHcyKe2PnNe+fB7TWTwrcX853i9mKoCPlMafKMe27fXjPinS2j8f6vC0ubZrx2YITv5Ykp/nsa+mvDmnDSPDem6eFCfZ7dEKgdDjn9axpRTqN9jfET9xLuRXfhjSrttxtzE2c5hYrn2x0/SpPEOg2XiTQ7jSr2MNDMuF4+4w+6w+hrUorpUYrZHHzy012PmfSJ9Q0a9ayluJ5IkcqpMhbbg4xzyMeleyeCNWa4MlrI7ksu9QxPBHUfl/KvJPiZpv8AZHj27ALR294RcIy8Y3feyO43Z+lSeEfEM+h+IbY3ckhVZArBz1XoSOx4Neen7OpqehNc9P1Pov8AP86patpdnrelXOm6hEZrS5QxypuIyPqORV0EEZByOxor0jzT5sl0NPC2v32jIrNHBPIEd+WaM7Chb32kc16L8N2La1cZJ3G1Jx/wJa5/x7Fj4g3hzjMMT/mqj/2Wt34aE/25OD/z6t/6GtPoNs9R/E/nRj3P50UUhBRRRQAUUUUAFFFFABRRRQAVx3xRJHw/1Bl6iSA/+Rkrsa4X4p6hbxeGV053Xzr2ZMIeuxGDM30yAPxpoDxXS7lpNWhyzZKkdP8AZNfTOlndpNmfWCM/+OivniytYhOkgjwVOQQOhxXuvhHU01Lw9b4Uq9uqwPnuVUc/iKT3GzdooooEFFFFABXhf7Rcfmy+FVx1N3/KKvdK8S+P4DXnhYEcf6Z1/wB2Opm7RbNKSvNLzPEEgAnUdBvxn8DW74cTbp4f/qITL/46lUCArxgnOHz79DWv4bXdpSAAknUpunf5Y64pSvFnpSjaSNzw/Nn4iaAoHJuYc+37wV9N9q+W/CizXnxU0WKFN/lXCMwDDIVW3E4z6A19R84469q6MOvdOPFtcysfKXi/WrhPivqU1s9qQmoEKDHkgq4U5B4/hzzwa+rI5EljWSNg6OAyspyCDyCK+IdTvJz4puJbkw+cLphMIPu5DYO0nr0znvX1x8OtUTV/AWkXKALiHymXGMFCV59+M/jWkY2fqTWcZLTodRRRRVnOUtS0jTtYtzBqNjb3cX92aMNj6Z6V4L8Y/D8HhmfTl0VI7a0ljbKZdzGwPbOcBgeBkfdavoevnj4va7LN4vvdNud6wQxqtuI4SVZiAfnPXvzjsAB3rOpFNbHRh5Wn7zsj0P4P+Mv+Eo8KC1u5g2pacRDKGxuePHyOQBjnkf8AAfevRK+TPg5rN5a/FDTlhaQQXG+3uEhh3AowON23sGCnd2x6Zr6zq46KxlOzk+XY8Y8fqx+IE+3n/Q4eB9TWx8NY2GtXDsCM2rDpj+JaxbnWotT+J2ppNEqbS9nGud2TEev44Y12nh64gtdWjXbsEqmPp3PI/lQ5W0JZ2tFFFMQUUUUAFFFFABRRRQAUjMFUsxAA5JPamTTx28RklcKo7msSXxLCdyfZS6Hj5m6j6U0ribJJ/E9nFIyLHLIAcbhgZrxT4oeJY77xpCsKMFis40wxHUs7H+n5V6zLrdpsYLpkO7HBIH+FefazokGrX7Ty20TuehKA1SQJnFaNfh4HeVgvzjCn7xOOwHWvU/BXiP8AsvT54p7GX95IHUhxnG0DkdulZ2haBpulzpO1hE5U52YxmuzTWbMdNIth+A/wqWO9yf8A4TSD/nym/wC+1pP+E0g/58pf++xSf23bdtKt8/Qf4Uv9tQAf8guD8h/hQAn/AAm0P/PjL/38FNPjiEf8uEn/AH8H+FKNdgx/yC4PyH+FNOvQj/mFW/6f4UANbx1GBxpzn/tqP8K4j4h7PHVlZRxxtYXNnIzxXG/eQGGGXbwCDgflXc/2/EB/yC7f8h/hR/wkEeeNMt/8/hQNO2qPn1/h9qxb5tVhlwPlLwldp9eOvfr61oWPgWaKyW2ur+V1EjylYf3YLNjJJ6ngD0r3L/hIEPB0y35/z6Vm3E1jcgj+yoo267o2IqeSPYt1ZvqcD4a8Pab4d1i01CKwjc27b1HQk4ODn8a9Gl8bvNBJGNP2l1Kg+bnGR9KxpbZDJmOIovoTmtHTdQm05TGYo5YSPuSKOD9aszOD/wCEa0wy+b9kh3ZzkRjOfriu80zxTHpWmwWNtpiLFCoUYlx9SeKy5IA0hZVCgk4UdqRbf2oGzf8A+E5l/wCgev8A39P+FKfHMv8Az4J/39P+FYBth6UptxzxSsI3P+E5n/6B6Y/66H/Cua8Q3Q8RXiXE0AjKR7AoYsOpP9asG3XjoDR9n9qYGJp9kmmXsN1bRhWikDgLlQcHocV2Mnj28jG77BDj/faq1ldNYwXMccSN567SWHQe1UjabkwRxn0pCueYXU+oab45OsXMYW2u9QadZRwsZcklST06nmush8WRpfW8qXNuWSVCFEq5OGHHBrrpxFdaONNksYDEGzu25JNcs3hyG2uy8dvGBnqFFHKpBzHo6eKbt24s48eoJq/p+utcziK4g8vdwrDOM+9YGj61c2NosGyN1HTcOlaI8S3J5FvF+RoZNzqKKw7DXzPNsuI1QHgMvb61uUik7hRRRQMKKKKAK9zZQ3ePOBOOmDiqx0OwI/1bf99Vo0UBY5ibwzMzHY8e0njmltfCxWYNO67O4Xkmumop3YrGYNB08D/VH/vqnDQ7Af8ALE/99Vo0UhlD+xrH/nj/AOPUv9j2P/PH9TV6igCj/Y9h/wA8B+ZpP7GsP+eA/M1fooAo/wBj2H/PuPzNH9j2H/PuPzNXqKAKX9kWH/Puv5mj+ybDOfs6/mau0UAU/wCybH/n3X8zTJdGsZIyohCEjhh2q/RQBydx4buY8mPbIPY8/lWbJZS25IkRk9jXfVn6pp7X0a7Hwy9j0NO4HGGP2oKH860pdMuY2w0LflmkTTbqQ4WB/wDvmgVzOSAtjA5qeLT55ThI3b8K6LStIe2lEs4UccL1rapAcrZeH5ZZQZ1McY656mt8aZZKoH2aM/UZNW6KAsUzpdiVI+zIM9xwazbnwzFI+YpNq+jc1vUU7hZHPReGAkgZp1K55AFay6ZZIMC3U/XJq3RRcLIrixtV6W8Y/CrHQYoopDCiiigAooooAKKz9RuLi2kjkiwVCncpzhiSAOg61V/ta6XlrdSuT0Vu3X/PsaVwNqisf7XesI52GwK5DIFOMYUc+uCSfwp0Go3TSxpJEu0nazbWHPfAo5kBrUVmf2rKVG2yfJGRk8fypbu6nDBoUfKHhcEhsgHP4cj8c9qLoDSorJ+13c0TFojG0bKV2hhu4PX24oFxdTRzcMr48xQFIPC9Pzx+tFwNaisX7ZfpEA8ROzBJKtk455NTS3F7BK4ji8wMx6qxxzj8KOZAalFZkV5e+cqyxKE6sRGw4+uaP7Qu26WbAlcgEEjP5UcyA06Kzbi4upbT5LeRHPPy5yMMvt3BP5VHBcX7TBDGVRnDFjEemRkc+386Lga1FY63OoRpiKElB0DRsSc88k88U5Zr8CXEb9yv7s8/N7+xNFwNaisyaW8/dSxwssjKVZdpYDn04/Oo3l1FZVdUY741BHlkgHvxnii4GvRWWpvGsIzsZZY2HBQ9An155pEl1F5VR1KA4yVjx29aLgatFYguNRjiQLEyRrtUAxkk5+pz6VJdi9W9mMKSMjMpXC5HAHvxzRcDXorFlXUWaKQK+RGQw6DOT2z6YqWxa6ntbh2ZiskZMfAGSc8j9KLgatFY0RvXjeGRWSIxsFXZyAAMY5yeop0D6mJ4w8ZVCwDDaCFXPPNFwNeisW4+3JfS+WjFHkUqDzwuCcVH5GoyQMWWTeZFbrt453d/p+dFwN6isGFNVhzHGjouS3Kqw6+5/Sr+nvfM8hu1YLgbQQBz36UXAv0UUUwIridba3eZgSq44HXrisq61SXZmJseauIxkZXDEEkYPJ49uvpWtPKIYXkZSwUZwBnNZ1pqMz3WyaIlJD8hRPu/Wpb6AMn1SWMLIEbbKq7VDD5TyfTOeKn/ALSRLKMtMomeMODtLLz347cUX17JYvFHFDGyFP4nCgY6ev8AKn3V3Jb2MU4aFWYruLg4wR2xRfzApzanNDNIikPvJAy2NhyRgDHpg80Nq07W8U6oANxVkznPAxk9qVNXlIjJntcFir7Vc/kcehHWmf2tchEf7RZlWOM7HwcYzj86V/MB8eqXE08QEQRPMAYEnpyOOPxqWa/LO/lXRQAfdMBOMZyc/hVnT7p7qFpHeNsNgGMEDGB6/jWedWl+YrPasfTy3HH5UdNwHyarNFI6KiyAMcMSeR+Aok1K4e3DKoVyzptGeOBz09T+tKdTlO6RLi2MQbHKsCB2/HFB1GbYz/aoFQ8rmNsgZwKL+YDW1W5KgiGMnoV+Y/SrF1PcRozq5O+PciLHkg/Lnn86msbs3Rl/eo4UjbsUjA56561bppeYGOL6eS1ZirLsZcbcgvweOnXp+VINRvNoXygCAByrEn1PtV6ea7jckLCsW4KGZjnkgdKpDWJYmkSVAxDMAc7cAHFD06gWri8PKxvJGyN82YS276VWa9uYkRkLTEhvvxlfTHA/Hn2NO/tORY4pWQlduGUEcnJBOevY03+2zjP2cDjjM3/1qLgKktwb2CPdLtIBY8kLlOh/Hn8abNLeQt5aSyStllLeVwOAR0698VNc6i9tOpKh0dVIXcBgf45/+tTDqjhYp9pVG3Axlh2PXOM/hQAiXd00JLowMRTACsDIeeP5GopLy+EBQISOQJBG2frU8l/LHaQz5UncylQ2d5B47dMZ6e3am/2q8sTuq+WYyuRuB3ZzwPxHbqM4pP1EPummRo2aa4G9ekUYIBwB+HJqEzXaXJwJzGTGQWRjwNueBwD1z9PehdafeSYQQQAFD+mc9vYVcuXuomZvNjEbNhRglunT9KBlSW6vYnZYUZgpLNujZsnceM+mMdPSpri4lKxA/aI22guYo8jJHTnp/wDXqpHrUwCgorsY1HL4+bB5PH+cVNJqktvM6hFlzgn5sbeBkAAZ/P1ouu4DXmvF8qaFZ3Yhsh0OO3UDj0/M+9D3N9DK7iNtrIhYtGxVMLz3wKfb6pJNcxqVVVkKjG7OOvt7D8xWqQGBBGQRgg00r9QMy0nvLwFZQYdybldYiMcjuaR/tG5ow92SCwDFAAxwf0/+tT7mZxPIEu1i2EYVlOBxznjHeolurk4/06Ir3KwknjrjigRDHPqkcYQpIT1JMZY56nnPT2p5n1LMcogbzChyNjYAyeMZxk8c9f1pxup1PF9EFHQNGT+Zx70Ce6ZkUahDknA/dHDZP0pDJLY390rrOzwdCrLFtPf1pssd1ESqyzzFZFZSyEj7remO+OvFRtdzE/u75FOASGiY+g9OBSXOrPYaPc3cs6ztHgKVTbjI+lO6AbM2pb43jjlDNCUOFJwdx7E+mOa1bHzfsMImBEgXBBGOnFcJLrGu2sKaq9zKbdst5RgHKjvjdkKTxuIrutPu1v8AT4LpRgSoGx6Uou4FnGRg00IoOQqg+uKdRVgIQG6gH6ilxnrzRRQAmBjGB+VGB6D8qWigAwB0FGB6CiigAxRRRQAUUUUAIQCMEAj3oKqeqg/hS0UAU5obwORbNbrHjgOpJB71GIdRAx5tr0/55ng1oUUrAUTHqHmMQ9rs4wChz+dIItS8sAzWwfcDnYcY5z/Sr9FFgKXlX434mgP9z5Pu8/rxTPJ1M5/0m3HTGI60KKLAQxRyGEpcsjkn+EYGKmIz1oopgFFFFABRRRQAUUUUAFFFFABUF3ZwX9uYLmMSREglT0OKnooArSWFpLGI3t42QZ+UjjnrT7W3S0tYreIYSNQoAqaigD//2Q==', '阿甘正传 Forrest Gump', 1994, '1994-06-23', '美国', '英语', 142, 9.5, 'No.3', '福雷斯特·冈普', 'tt0109830', NULL, '阿甘（汤姆·汉克斯饰）于二战结束后不久出生在美国南方阿拉巴马州一个闭塞的小镇，他先天弱智，智商只有75，然而他的妈妈是一个性格坚强的女性，她常常鼓励阿甘“傻人有傻福”，要他自强不息。\n阿甘像普通孩子一样上学，并且认识了一生的朋友和至爱珍妮（罗宾·莱特·潘饰），在珍妮和妈妈的爱护下，阿甘凭着上帝赐予的“飞毛腿”开始了一生不停的奔跑。\n阿甘成为橄榄球巨星、越战英雄、乒乓球外交使者、亿万富翁，但是，他始终忘不了珍妮，几次匆匆的相聚和离别，更是加深了阿甘的思念。\n有一天，阿甘收到珍妮的信，他们终于又要见面……'),
	(6, '2023-01-30 15:05:38', '2023-01-30 15:05:38', 'MOVIE', '/subject/3742360/', 'https://img1.doubanio.com/view/photo/s_ratio_poster/public/p1512562287.jpg', '/9j/4AAQSkZJRgABAQAAAQABAAD/2wBDAAgGBgcGBQgHBwcJCQgKDBQNDAsLDBkSEw8UHRofHh0aHBwgJC4nICIsIxwcKDcpLDAxNDQ0Hyc5PTgyPC4zNDL/2wBDAQkJCQwLDBgNDRgyIRwhMjIyMjIyMjIyMjIyMjIyMjIyMjIyMjIyMjIyMjIyMjIyMjIyMjIyMjIyMjIyMjIyMjL/wAARCAGMAQ4DASIAAhEBAxEB/8QAHwAAAQUBAQEBAQEAAAAAAAAAAAECAwQFBgcICQoL/8QAtRAAAgEDAwIEAwUFBAQAAAF9AQIDAAQRBRIhMUEGE1FhByJxFDKBkaEII0KxwRVS0fAkM2JyggkKFhcYGRolJicoKSo0NTY3ODk6Q0RFRkdISUpTVFVWV1hZWmNkZWZnaGlqc3R1dnd4eXqDhIWGh4iJipKTlJWWl5iZmqKjpKWmp6ipqrKztLW2t7i5usLDxMXGx8jJytLT1NXW19jZ2uHi4+Tl5ufo6erx8vP09fb3+Pn6/8QAHwEAAwEBAQEBAQEBAQAAAAAAAAECAwQFBgcICQoL/8QAtREAAgECBAQDBAcFBAQAAQJ3AAECAxEEBSExBhJBUQdhcRMiMoEIFEKRobHBCSMzUvAVYnLRChYkNOEl8RcYGRomJygpKjU2Nzg5OkNERUZHSElKU1RVVldYWVpjZGVmZ2hpanN0dXZ3eHl6goOEhYaHiImKkpOUlZaXmJmaoqOkpaanqKmqsrO0tba3uLm6wsPExcbHyMnK0tPU1dbX2Nna4uPk5ebn6Onq8vP09fb3+Pn6/9oADAMBAAIRAxEAPwDzqNFKqAdwbP4VbiiG4sANo5GTyR3z+dVIvkQANgZwew5/yKuwt86b2AJHzHsOep/CvMkeimPhUuu44DAkLgYx+H5/nWrawsIQoJ3cEc4z3qjEiySABgB0yAPQf1rYt4FG7jBAyvf61jJjbNG3gE0bOSAcA56dhUEW+2MmYwWBySxO4L0H86sw5ESbQrq5C4JIAH/66ddRtDIoeAMCCCw6ehwPyrJENktgrG7xhSzfKNx4ORx+OBWzHCJ4kcxkEEqR3HbNZliU+0ozDaSM9hz6fTFdDHjyd6Ng9Qw5ppEsfaW0YVVVcICR/tYz1p15qNpo2mi8uARGoxHFn5pT2Az+p7CkuNUttMsmnuX4zhUXG5zjoP0/DmvNtV1GfUrv7RcHoNqRgnbGv90f55qalRU9Op04XDOtK72Kt3dT6lqEt5cNmSRskDoo7AewpWwicVV85fMxngVMEkmB2AkVxyu3dnvp2jZbGzpXjvUdLPk3CLfwKPkErEOhxx8w6j2OfYisi6vrzVbprm7kMkj9ewUegHYU0WJT5mxmpEj2irnWvGxjCjBSc0tzb8IaO17q63DACG0xIxI4Lfwj+Z/Cu3vYD13Y25+9/h64zVDwjc2R0b7PCCtxEd06MRlyTjcPboPb+epcwkRk9Tzw5zj6dq6acVyKx4+Lm3WaeljnrqF/ObarAFNwyuc+ufp6VRlgyZFIwiqRuPIIPfjvzit5o0RvnYhjgDHbnrmoJoC0rmMrt7hOCcnvn8alqxjc54gcMq/dICpz8/Y/icDmqVyXE/mjOwqVIJ7Dqfxrcd944OMHg4x1/U8f1rMvYhujO1juUgKOvbGMfWhblIpwNHMpEeehAIfIPQAjvUrJtjypBIYtlufrn16UQQLDudVyvKgk4wc8c5qxMg8hmIA2ZOOvGPSnfUCmB5eB8z9CSvGQQeev0q8vmxzRou1iYuQeoAByPrnPf+VVEZ3kMg4DDZuA6CrkNuxCnJRQMbQBgjngEn/JpMYyBTG85UM6sw2DIG3Pt9e3pTgkjEBsiXO75F79Mf1x/wDqqxCGW5Z1YPngoBlc+vsKhiVkSXapGP8AVqGywIPXP1FK4igI2nkkjzhcgkjvheeeuM8/j7VbjVndJUHycZCchgRyR+PFNnTLHyoyzE4XIOcEAfy/kKtW8Rkukcl2AA6cADp0ob0G3oRpG8d3Igxu2g8chQfz5OfyqSNkYM4DuVIwoUcc8/jRJGqj75VgMFfvEkjj8cg9alCERoAxQgHnd0HUdfwoRmyiitI0e/BchvlA5Xnvz0/+tURV0VDHGMuo3ZI/HH4d/err20ZhBUMy5zw3rz+X+FQjeRuxnAzt25J+mfwrRCuJESZZSyZYHOByM0w7EOTk9jj1pyOdw2kYJ5wevp+NRyTcDLbBkjlcVViGcLHhkbAA5yAetXIMhMgZIwW54/P8KqQKFAwSB7H1q9AGcsoxtGAcngmuqRaZo2hRMMAWDcenYd/zrTRMr5gD55U4479P/wBX9KyLJWkOwjGCTn1ro441Zdu3ouPp/nmueW42y9ZRKV+ZQAFDg/ex1p19t+zqEQOQecnAKkjP8qVE/eNyRx19c/8A6qkMEcsEkbH7+ccdiOg/L9az6kEVpuVSQigKCTtXGfT+ldPYZkADRhQcZx3yfSuc0/8A1RJZsZOW9T7Z/Ct2xlZAGU5Trlzx0/l3q1uJnA6rqcuq6lLM3EQJSJB0VAePxPUmsyZWCntW7r2ktpF+3y4t5iXhYdPUr9R/KseU+bwvNefPmU3zHvU5QjFOGxXtbQSPubkVtR+VDGOgArKiYwEgUTO7jJb8KznFzer0NvjehdmnSRsIM1WZ9h57mo4nxyaVyrjjrQoW0NG1BF3TNT+wavaXRfaiSKJD/sE4b8MV6K15BdTzRxSb0jJDtE27cAepxwF569+a8lYLyAeR1Ndj4MkYWt68kM0kSbBGIl+Zid2QDkA9s5OK0lW9jT8jz8VBVXzLdHVmDEpJQqAdoxzx0qu6IrklSCFOCF6A/wCf85qONtWupglxDaWtmMAAuZZ9uQTkgBBnAHfFak3zruPODlsDjrWtDEU611F3aPOnTlDWSMC5tosiQcE98ZAGffv2H1rNuYiW4Gwnc+/fng4J+n+fSummgmwF2MFOecgdf0yPyrHvbd1SJcEHdjaD0A75rVqzJTMUqVlKsSZCCMn+WP8APSmBACgLMiE7WOcA9Of/AKx9a0o0dE2JIrHJ5IwR+NV5IB57CQhQ38IYjn1P5f5zQMbBGdwzgyDk4X346dsetX4Lddw81Y8rkjA4HUfoD29T7VU3MAw+VUYhcHPIx/n9asw4eZGWRtwHQ8A8c/UdP0qWBJFEPNIVQsgwSwXjI/wwarSJIhJWRhluAQOnP+PP0qb7daw3Exku7eORdu5GkCspPA4z3/n0qC/KRSSSPII0SMOcsPkHPPtnk8+lFmJPUr3UgZgXBUhuGz2x/n86t6fAI7bdguz/AHlGOecd+hqjFJbyhYjPDtwpOWA+U8Bvoe3rVlZUiiMk09sEjkYySbwqBTnq3YgECm07A30JZdsQTO0F+MdM+hx/nvULw7mWKMnDbtzEjrjt+n6Uj31k0skkl1DGqjY7PKBtwvOfQ4OTUgubVrryluIRKxKgB+T8mcBe/wAvPHbmqSZNxJgyxvsVSqn5e46f/X/OqjpJI5GzBwOT2OO1WIXWUCSJlkBXqpzz/LjpUUjnO04IPOT1x6ZqkK5SKHO78A3X/PSkcBmG7AOP4m/+vUxkKo6rwxHOB0qhJJtUHcF55JX3PFaJEM5SJQOQc9Tj1q1bttdVyC3qOn5VWjUAEjGTmrUMeXwBwPQcV0yGma1koz85wAcH8a2YU3yAg4AznsM9qyrLcVAwQO4HateBgoznOehrnkO5pxDEbYU7j1/z+VWosmAZA4O7APOMVSjYFmOe3AIrQiAK8AMW4zjk1mxFa0TDywsxxvwR2rbtMhY+hI6+lY7gpdyA5wUDAg4GMc/yNa9sQVUeoAGfYVSEzQuNOttUsHtbtd8D45HVT2IPYiuBv/Ddzo10YJGWSNxuimHG9fcdj6ivRrbIJAxzxzjArzzW/ECalrE80ZzCp8uL/cHf8Tk/jWGMS9npudmD522lsjHntlRqqy4UdOasSSSyh3RG8tPvMFJA+p7VHaafc6rdra2wBcjLMfuqvqfauJe6rzeh7FOokrGfPN5adea19I8L6vqSiWVBZwHkPMDub6L1/PFdlpHhuw0nEuPPuu88gHH+6Oi/z960ri+t7ZS00qqB1JNcFbMm/coL5/5L+vQibW8mZmmeE9M0873Q3U3UvPggfReg/WtwuqKBkADoK5a+8aWFuMRv5jHpiuavfHUkrMIhtXPFc6wWLxL5p3+ZzyrxjpE9FmvYohlnA/GqEuvxQn7wYA9D3ryu88UT8u8gTPdmrEn8VSE/I8j+44H516eGyWpGSknqc1XEXVpM95sNdsNQuFgQiKcnKxk8Me4B/pSXsRCorKFG4jg9ep/yK+eX12/kPy4T6kk13Hhn4m3sISz8QqbuDgLdqv72P/eH8Y/8eHv0r3Fhqij7zuzkbjf3DvTEEwCpHzEDOKie38xiGJwecdQc8c/pWkhjmhSaBllilXesqEFSMHDe9RtG43N3zkgj8/8AD8K55IaZmyrsd8ctwRkd+hqSHJKD+MH588Y+lPkQAOzDgDcQcZUf1oRRI2SR8jZyG9uh9azYzIutKv7p7x3ktWuJ5LMEx7kX9zIXLcgkZBwBz05NFxaXh1aS5RYT9otnidDJgEqSYiDt7AsDx374rWWXh3YAqTlTgZXt1qPzsMg3dScgjg+1WpsnlsYkOgJDOQt1FDa29zDcwwSvtClCWeMN/d53L6H2q9FaxSR39vezQSQXckgAQKDsYBADwMtu4J9SBXQR6fataJLLEd+12XkjG9Sp/wDHT+vFZ0mmQC4V/Ld2STdEGckAk57n161TnfchIwX0e9FhqMH2gTzXdqsLE5VTN5WxnJ9wEOOvHvU76W93EILra0f3knWY+ej9RJnaOVPA9h3ya3pF2ygMMY5LA84zj8u1QS7laPMgIH3QeT+P0pqbCyKdssgs4o55UMvlgSlOFJ7kDtk84qG4d+TGApHJ3HsKuNHth7FfryDVOUDO8nORkYOKEBRkDfMxOMjqO59qryyFiMgMcn2q2WCLuye4C+vPWs+V/MK4BCEEgehrVEs5hctyOPcelX7djkc9O461QUfdwRyfWtGD5UBBwT1NbyJTNWFxtHBJx2rTgc44GSD1I96ybfA56t3NaEOc5yfSsJFI2rc8nI4J9eOPWtKIbyCQCcHA/TOPzrNtv4hwSetakIypIXnj9cVmxkc6lZYy3dSM/jxV63wuAB1PGD7VVuxmOIhRwxAqe3baVxls/wAqaEN8SaqdN8NzuHKzTnyo8diwO4/gM/pXnGjWlzql9HZWqeZM/TPRQOpJ7AV1/irSdT1u8sra1T/Ro4iTK7YRXZuc9+gHSug8NaFaeHLMw27NJNKoM1w4wXPoB2Udh+NRKHO9T0KVeOHoaayZu6LpVto2mrZQfMes0h481u5I9OwHpWNqdjY+H5bi8hjSGK6YPhVChSB90e3U/ia21mOVBIAPI5p12Ibi3aG4gimQkExyqGH1wanE4eGIpeyehx060oT5+55TrnjGeJzBDG0TFQwLAgkEZBGexByDXG3mqXl85MsrHnPJr3PXfCuk+ISz3sI+1i3aCK4QnMY6g4zgkHOM+prhfE/w90/QPCz6impTtdQbd/mxgJMWYAKoHKn6k9DRRwdKivcRr7dTep50VZ8s5/Os2+u3iPlQ4DEZLEdP/r1rOyNEWZwFXqWOMVzmpyhbtSjqybBgqc/yrsoR5pahVlyxIRHvctI5Zz3Y5NSBEU9jVOScs+5cCtbSb20sAJ59OjvEdtpV3YFT6YHWuufNGN0r+RjScZStt5k1vZpKoIYfjVhbPacZU59K2HvrBbKO9OjyQWrtsEpXCbh2DEDJ+maZbreao+3S9LRU/wCesicD8T/hXnOtN3bVl52PYhQppaO78jf8E662lyf2bdSEWNw3yM3SGQ9/ZT39Dz616W0GC6FMkHkd+fWvEbrQZvMK3V28rfxKnCj2z/hXqvg/Vv7S0VbeaQveWYETsxyzrjCNnucDH1HvS5oyWjuc+Lw8ofvLWRdlQS+pC8BsYI/D86qrtYuxbkngYA6CtSVO24DB6H+f61mSn947AKy98j88/pWLRxECRLLlGHAUgjHJ65HtTYozLd28ZGSwyRjp0/pU+VUudoAIBHH61b020828klRAPLXAz6np+maEJs1G2kEnGOCP6Cs6Uss7u25QG4Xt/nGK05wAFZSB0J28c/1qlM/LBgDg+x60EIpPjGD1JJI6celVWdQRbjcCABkHPf26VbkBQMiqqYGTgeh64+uf8iqcy7iSp+XaVAU85zVICCVP3TgE4744zz6VQn2BtpcEMMj3HtV+4YpHuTGdoHsDjk1lTBTnK+Yy5wfatEhFR2LkhmOcj0xVKdynzDBGe9XpYvkfbjrk+pNUJhnAGCwwCc9K1RJzsPLKe471owMNu44PGfqe1Z0BIPTt61oQkNtJ4xznFbSJNKHjac/pWnbDK5GByOayY88DPGcnPetK3cKQCT7f41jItG1BwSRnBzzmtOCQgYL+w9qyoTyPlPfoa1bdVYEY+6OlZMCxNgW33gMEduootz2XufWiYf6LLwRt/wARim25Koh2kDBJA7VKEaMUmB83rjnv7VMsudpyNwJP9KoxKu1TxuOfbJ9asKclsjgHOSadwLqTE9AoPQnsKd8/BOODnrx37/nVTdJlhkAEZHFWQ3mjjgcZzxSTGXo3BVCCDxgflXI/ERkvrWy01gdhdrh8NjplV/m1dSgDsEAGevHavP8AxZqkLa1d5fIibyh/wHg/rmoxFSUafu7s3wsU6l2tjyfxjZx2TWiQyOyuXJDEHBGMfzNcwrfOAWI9CK67xYwu4UcYG0s43MB8owDjPU5I4HNciULEBRlumBzk16eCbdBc25hi1aq7DmiYRLLg7WJGcd6WGVoH3qBk9Ce1evaj4Tto/C1no+2P7ZagP5uM/OfvqfYnP5CvNdT0tLe4eJY5IXQElH6fhWeFx9PE3S/pdGb1cDUpJVI/0wtL13lWSQ7mUllDEkKSc8A9Pwr0TQPEP2i0eO6cecp4Y5zID/PBrzS1t3RlyDzXd6NFHHYGRkIduE5xx61y5jCnKOqPTy6M5J3LepTLIWjjwcnlvWl8PX0mia1Fds2Im/dTIO6Hg/iOv4VDJtQNsHJ6k1nzSh0IB6qea5KN0rRPRnTUk1Pqe03SHcy9OedtZpjywJyxDfnjpVvTpzfaPYXZ6yW0bk++3n9QajlGJABhm6sCev8AnFdMkfMO60ZTnxEy7cAk4AI/zit3SIyLBZGY4lctyecdB/U1zs2ZJ4yqnIbqOpOeldpHELeKOFeBEu044zgf/rqYomRQuUwMnBBIPsTx/SqFwo83Oz5hjDD071rOo25K5GMdcnrWdOhf5OmRnGcd8Zz2osJMz5WCbcMwGMHP3sH0+hxVFnUsEwFz97C8dBg/XpWncQLIrhwpUgqeOvXp/ntWZIzGPzEjUEgMRnvkZ5qgKbkSRLGFC+44H1HrVOZ/nbnkjnB/pVu6XC78qvzA5YZ9sVSunDLIxjx3wF5GematCZnTzFkKKxGOnqPc5qmQZMsrDLc1ZZ227iWBIyTnOKqMj7iFx1yMnrW0USznYc4YjGPatK3f5enbgZrMgbjHXJ7Vft2HA7n1rWRKNOH5jlQcjGR9a0oBz24P51mwEbuSuD0wa0rc8AA84646VjItGxb4IX5ua1LVh5vy7SD6DoaybdtrDr9DWpbABt344zxWLGaBbNpKeCCpxn17fWo1G0Eqo2kZXHGTUqqfJb7u0ggADv61CEZIwwJPH5cVIidCzMOQQPvYHQ//AKqsq2Txycd+CPf8qqRooRerZHcdec1PHvLcrlTkkkdfakBaRARuU8/4VOoJfBz07dv881AskhcKuWQnJxwauouWPy9RnnvmhAWoiIx5rcqo3njsBmvBZjPfzGeQ/NKxc+5Jz/Wvd5UMunXUSDLvDIg9eUOK8Vit9tmjZO/aMY+lRiJ8qR14ZPllJeRJDawCFUljjkK5xvUHGevWsnRfC1unjaxuRt+wJI0zoTwpUEqPpuxUolnMm3p61cj81PnBK8dq5uapCMkpfErfeacqlKMprQ6vU1inmkFvdwOB6NjPvXJ3wt47tVvYo5Y88kjOPeuZ1Sy1S8nklSUtHCu4rHJsJGeuO9bmneFUlgRLzWpGkx+8jX5yuR0BP86mGGp4eClKp9y1/A9ihiVK8YptdzpbTwroc9uZ44GDgZ2s/GR1GPxqnd2RSQovCr0AGOK2Si2TjyD+7woIznHb+VQXSncxckc889a4YVpuV3JteZvCTTutmctcqYwVA7dBVAxrnA6Z6Vp3ShnPOCe9UJsAYHQ16lN6GkrM9Q8IS+b4Rs+P9UXjJ/3XOP0IrQK9Wxk+4rF8AuZfDEsfH7u7kGT6FVNbrgKAARgdzXW1ofLYlWrSXmyGytvP1izjxwjGQjvhRn/Dmujkzyxzjv8ASqehxLJPJMT92MJk9iT/APWrRmGMFOhzkevFJLS5g3rYoysAdmTlj396pToDuwBxgEH3rSlGYyAfqKzrgpJgMPXI7fjRYSKF26o5QkA5wDjOf8KzZWAlAEJA6rnseBjH49a1LkKysGQNg5x1PSsu4MbAhWyRztx+NOwGddFkYr8gLdFx796ps4dpGHQ/Lt/Src8qFshx8h/HI5/lVAyBXYcljyx681aRLKl2qRggkBQM/pWeXPTGcAc5xVub5lxktkkfTiqMkpQgBMcdVxWsSTnosKo69Ox96vwj5s46EVnRD5tvUVoW7c8+tayBGpA2EByfX8a07bk45x7VlQNkAHjH61p2x6jP51hIpGxCDgYHJPH1rWg2kLuzjHr1Pp+lZlrlgNo/IVpQDKZwST0H/wBasmM1IyoyFwMLxnntUGNuWzjHtk/Snx8r0IGDz2701lBXBJxjHJ9v1qAEDKkWWb7uTnk/lVlCQFI3DHzev51EuSPmJQg8H0FSooVDuwRuHsM4qRk0abCWEhwpzyM/hV+E7VyOc5b6e1UVXa2BhQQAcHp6VfjBCDC5AXlfSnERftjiZcjGSDXjF5Iba9vbVVG6GeSMfgxFezW+CAq9DjHPWvFtUkX/AISjViejXs2P++zU4mKcEzuwGspIqR/umy4yTz0qz9qiKsoABx0qC8ZCmFP41VhXy/mPNcfKpK7OqpFLRMztYivJCkNorvJKr5SPqVUZq/Z6RqVoxnaUArbqNu8N82BkD6cimXhmM8U9oxS4hJ2sDjgjBH+fSpHtdHtgwa/nvLjPzlZDGpPfAHaul1HyKK/K/wDwCsDTi7vrf5D7PX5xcmK4ZkLcFAoK+n4cAV0Nxc+ZCX6Ejk561zaWmkRRs6WnlysP9Y0jO360f2qk+YyxDIOQwxXPUoxm+aEbWPSppx0myS4k+ZjnpWbcTAMAOg96lmudwJxzWTdXPzY4rro02KtVUUeofDOYS6XqkW77k6Nj/eQj/wBlrsNitIc84HPNedfCS48y51qLPWKGQD6Fl/rXpiLiTO3IWuia5dD5yvLmquRr6TGqWcjA43yH9BUsmCvqOg9qks126dCfXJ/U1HJtAKjIPbJp2tFHNuylcDghicE/T8qzZyq9AAfUnkjPAz9K1Z+m3AORj6VlXYwSdvQY55xUtAjNutm4qByUIOOMf5zWVLtUtwcKw5xz7ZrVnkYttYFVPGSeTWVcgE7fvY49Of8AGiwzPuCctkrkjG0r+dZc5ZGIABAbpn19a0rt3DFuMZxye1ZM7FUwzfNnPPTHvVpCKsmW67SMYxkenJ9qzrpWYAJzj06DirkshUtkKRxnke/NVmycHpx06VqiTCixnI561eiY8Vnowq5GwPGfyrSQI07diSMYPatW2B3A59ulZNu2RnPPYVrWzkE55J9DWEikbdqcEc/rWpAPkOAcZ4rHtj8ynsozn+mK2LXnJ6nPArFjNKNCFILYG3njoDSIV3soz8gycdqUHMe4fXBoQMjg4PJHJx2qGA9ELMuAMfxZHX6fnUyRkKeQN3JyeM88c0Ro25ScBQOB2FSBA6o3cfNn0NSA9E4QEfXPrirm3cmAQO3HHHaq4TLZOQBzxVhRhc5Gc8VSA0LVP3saj+//AFrwDUvN/te/kbODdTHI/wB9q+grRgJ4wCDtcA89ea+Z7iXxClzdlUS9tzLKRghjgMc4I57GtJR5o7r5mtGbi3YvW5adjknAou8w8Kx61lWeqgT+VIGhlPWOQYP4VosTOoJI+lYSpyhLXY6pT54aFrTgXYGQ5zzWFrOhXlrfPeQyB4Hk6D7y59a1YWaOUAE4+tReJdRa2063iViJZ3JPsq//AFyKKLnGslDqNxioc0uhqWWnNcWSNMwIx16Vn3qW1jep/q8MoG7J/HNc5Dr93DD5fmsQBjms+51GW4++7EjoTW9PBVOd8z0OmrmdPlXKtTevNRjQsseCPWsKa7aQkg1U81mHzE00Et7Cu+nQjA8uvjZ1mei/B+72eMbi3Zv+PmykUDPVlKuP0DV7nFHt5ySQc/yr5t8BX6ab450adsBTdLE5P92TKH/0KvpkRkEqeAOK58THUxg9DWtAG0+L1Ax+pqKXkEZ9RTtNfdaPGTyjH9ef8aSVTzx175qbXimT1M6fn5l47H34qhcBgh3NhvT1rRuCRwF4AzWbeHCsBxmpsMy5yfmUYYnOT+NZF04d+vBPJHTmta5OR9/vktisW7BAPzAkjPHeiwzNuZQc5I5IBrMlYE8HByfckVo3AzEA2MZ5PrWbOwLkKBgjrxVJCM8lZGOSOucE1GwBACipHEaAfINv1qPAB4yB6VoiWzm48A/dq9Bgjr146VRjyAM+tX4eCo9q0kNGjb8LjI6YFals24L7jpWRC3PXitW1IYj/ADmsJFI3bXG/B9MHAxWvbqdoGec9SKx7RTuB498HpW1ajC5GOtYsDRiJ8s4/u9xxmp0j+YkHp3NRR52gjB45/wA/lVhWPy7eMHFQwHjcrcjCHgD8KmKqCRjjHOaQD1GR147U5QN5ABB9c59/wqQHADII6e4qcBfLBI49qYMkBuvTIqVCNjKRkkccc00Bctdwnjbd/GpJBz34r58XwrdCeeeO8e2k812XHTknrX0JAQHU9lI49B615FexvBfXEcv3lkYHP1NZ4mtOnFcnU9DL6UKkpc3Sxy9/ol9c22LuKO7K52yxj5l4x+OOtYgeWwumtWkZ41Pys3X6H3rv4pTEccGqGrabba1DtdhFcJ/q5scj2PqKxo4tp8tRe6d1bBJq9PcwY5lkVWUjPes3xOjvFbT9VjyjH0z0P5io2S50y9e1ulMcqdRngjsQe4PrWmjJPEUfDI64ZT0IrtS9nNTWqOHlc4Om9GcW8Mq26TlG8tmKK2OCQAT/ADFQ8mu6sLa2tLa4069IbTrlxJBcN/y6zYx83+ywwC3sM1zt9p0um3UttPFtYN0I4/D2rup4qM5OP3ef/DdTgnh5R3MhBk4J96UtmpJ49uWHTNQ4zXUnfUwaa0JEd0ZXRirqQVI6gjpX1lpOox6vo1lqcWAt3Ak5A5wSPmH4HI/CvkonnHpXuPwa8Qpd6FPocrjz7FzLCD1MLnnH+65/8fFc+IheN+xUHrY9Z0+TyrrZyVlG38eo/rV2XnPYdqxHkK8j5SDkH0IrUiuFuoBIMZ6MM9G7iuWk/slSXUrXAzkgnj0rMn4HUnA/OtK4OM5x+NZVwx3YHT3qmhGbcBRxjjrWRdKm4g4x1wa1LgnH9Kx7pzg8DOSKLAZk6rkYHOTyayphuIzyR0z1BrRumO7HbHJrOmJGcknFNICjN0yB37mod2eePzqWQjGc9fWq24buB+dWiTAjbJ5HXkVdgY5BzVFSODmrYIAJOOlXIpGjBnsCeCK1bVif5VjwMMDitW1+9yc981hItHQ2rbeQOP51s2zMBwRjpzWHaEqF9a24DnHp3HrWLEakJ6Bj0PT1qxtGASDnHWqsTZGenTgH3q2PX+Lrx3rNjLCscY6e+akzk52kj3qOMnjPXODzjmpAxIzk9fpUgSrggg4xUwClQfpgg4NRFiSDnDDvnpT+ccjnH600BZhPOWxz+GP88V5d4hZoPE2qJIMEzsw47HkH8jXqEGM+jZ5HpXF/EDS1EtrqSJzJ+4lx3IGVP5ZH4CoxEOan6Hfl01GtyvqceCGyS+c9hQqnOQpIqWyteQWICtwATWrJPpVjB+8kDSeijP5+leVOfK7RVz3JT5Tn9e0YavpgQAC8hBa3fv7ofY/oa87hvnjJVsqw4IPUH0r2BLqC4KtDJHIAPXBrz3x9oqWlymsWX+oum2zL/cl9fow5+oNehluIvL2FTrt69jzswpvl9tDdblODVUiUmRwFxznv7VDca5ZXS/ZZIJPJRD5UinJjPYAf3fbPHb0rm8lzliTTw3GB0Fe0sLBO548sTOWhac+cGwnGMn2FUvqfyq5DdzQwyJFKUEgw4HcVT+YsWbnJya3gmjCbvYPoPzrR0PVr7QtXg1LT5Qk8LZA/hYHqreoI4NQIkZGQp59aCgPbAock9A5T6estRt9U0i21Oz5huYlkQHqM9QfcHI/Crlnfi3kO4/um++P61598JdT+1eE59PcjfYXB2j0jkG4f+PB/zrrpsjJGc9OtebOPJLQ1WqOknYFchgQR1Hesq4JqpZ6mIQIJ2Pl5wrf3f/rVNcnn8eK1TUlczasZs78fTisi6OSa07hgMise6fk0wM6dh835AVmSsSeAcZq9cEZ9qzpTnNNAUpGznPAqMk546U+U8npUDMeMeneqEYKcf0q3Hk9DkVTUEYHrVyEDA5qpFIvxnp8vFalsSGHY8VlRHAHp0+laluewI/pWMikb1qfn7dO9bFsxAAJxisG3c8dcsOa2rVsqB+NYsDagJxjPPpV2Nv3Y3c49azoWwAcfiKvxsSBk8cZNZsCxkn73rx9KmTGSPQcYPQVAh2kdwevFSjgBcfTNQxksYIwwOMmp0yASDkYwR6mokyW/x6VOvIPHPH0FNICWJcMD3H8qzPGMY/4RK9kZcmNkkGB3Dj+hNbEa4IOSe3Peuc8a61ZxWE+iMvmXF1GN/wA2BEpIIJ9zjgCrnZQfMb4WMpVo8q6nk93qkaoyw7hI3909f/r+1UobOe6/eXV2IVPUZHP54rZufCyTRtJb3LeYf4iob8+lclqGhXsE5BvXeUD5CwIA9h6fhXNQlRmuWErP0PcrOe/Lf5jdSW60zUE8i7DofmRkPf0rcuryK70GWyv5V/fodrD+FwQVP5/1qjpmgX18iNeOzhGx8zZJHrU2vaB/Z+pWqXPmfZJI8xfMq5OeRknGelaznSlOMHL3l1XkZRUowk7aS6M4CSNoZWjbG5Tg4pBxj2qzqcUcOqXMcRJjWQ7SeuPwqrXtxd4pnzk48snHsPJwMr36ClQHvSDtUgoYkTxcnpxSyDmo1YjgdauRxgjceaxk7ami1Ox+FN81n4w+yFj5d/A8WP8AaUb1P/jpH4163crgtgcV4v8AD11HxF0hGGcGUj6+U+P1r2u7I9sHtXNX3uOLMackE0231MwqIpTmPHysf4f/AK1PuAFQDGPXFY1ySgzmsYuzG1c2bh+Oo5HWsi5bJPPNR2t7sX7O5452ex9KLgjJNdCdzN6FCdjnP5VmzHcCOAavTtgnOKzpMAnmqQis5AJx69KrscHvUzn5vb1qFs54qhGGoOM4q3EegIqmnINWo8A471TKRfgORgjp61pQH5sNx61mwD5eelaEJ+YEGsZFG1bsC2Oh9q2rVsjnjn86wrX1xnjNa9oSAPX1zWTGbdu+VUDt2FX0ORu6f56VmwNhV+taMfbkDjoazaEW1ZvcZ68VYQFm9BmqkRzyBzirkZyeD61AyxEnyg9fr26VaCD5VIPXr6moowcZ/Pms/wAU+JbfwroUt+5RrjGy1hYjMsnQceg6k+g9xVxjcau3ZGF408drpMkem6VcxtqHmfv2XG2EKSNpY9GyBkegI4zXnd9q1zrOoXGo3Jj8+bBcRjC5CgcA9OnSuOaaQuXdiWY5LHuTyT+dadhcYBOV+X1NOtB8p7WD5Kbslr3OisNWnhk2sx9qtXrw6jHtcLuPUAd6xUHmOCMg9QQetbNrsCDgZHevMqwjF8y3PVjqXdPt1020Us2WJyWJ4Areis9H8VaVJpepzRbX5iYEBo27MD61yGoX8aSwrO5+zg/MOm70FSz+KPCemwicadKbhuixy/Ln1x1rmlQqzanFPm3VjCvCPI+Z/l+p534p8L6h4U1h7G/TIOWimA+WVc9R/UdqxBXoPizxRb+JPDbB49rQOrW467cnBAP07e1efCvqMHUq1KV6ytJaM+ZxdFUqlou6auPFXl0298hZjbOsR+6z4Xd9MnmrPh21WS+NzKitBbDedw4L/wAI/Pn8KsahcPPIzlizHqxOSaqdV8/JE0o4ZSp+0n8jNSBgw3YH41fRMDK87RwBzWRIDk0wEgjGQfaqcHLqYNxTtY3/AAxfjS/HOlXch2pHcorn0U/Kf0Ne+3ZKZTONpxXmHw58LrdTXF/rKzmS1dRDZzKy8nkSNkcjI4HqOff0S5lJwx5J56+tcuIkr27CSXQpzyDBHPHp2rJuMOQD9fxq5cSc49qzpHAz2PvWCGU5x8xI/GnRXXnxEMRvUYPv71HK/wA2Tj8aoGQxSiQdM8j2raDsS9S1Ock5J5qhLwSe/TNW5WDDgjnmqTnkitiSu2cioD94nNTPkmomIBxVIRhR8cetW4jk4qmp5FWYRgZyc1TKNCIllHY+9X4uSKzoj8o5q9Ee/sMisZFI2rZvmXPpWvbN6detYVu2M+uK2LU+hGayaA2rfhB2X1FaUbZBzj0xWRA2I1GffNaURJyc1mwL8RAVSRzz+NX4cliV7kc1nw5bBPXHHtWhFnPQZHNTYZoQjrk8f0rx74w6jHP4ms7ENG32O0+cqSWVnO7DdhwFPHrzXpXiHxFbeF9AuNUuvmKDZBFnBllP3U+nGT6AGvDLPwt4u8VCfWYtNuLn7TvuDO5CCdt2G2ZI3HJ4A7DjpW9OOlzSk1GV2YvyvtUEKSQMscAc9T7V1Xhbw2Lj4m2mjK8GpwW94DPJASYniQ5Zs+nb3PHOa4+4guLSeS2uoZIJ4zh4pVKMp9weRXrvgeJfh98PL3xheQ7r6/CJZwnj5Cf3f03EFz/sqPWtbWR0TqvocjqMkNvr2pwxTB4kvJlR9uARvPQelS29ySML0HeuYgZs7nJZycls9SetdLpbJKF3dF7HgV5uJgldnuYabaSNGbTobzRnjuWRGl+YE/eUjoa4W+0hYyUkmDOv8ft9Kl1TXZZr9grldnGB2qnJduy7pYDt/vNG2P8ACt8LQq0ldvc4MTXp1m49jLvg8LLb7lKKMgKcj61VBqW78sXLiIkpxjJz9f1rT8MWUd5rUTXDRrbW/wC+lMrBVIXkLz6nAx9a9RyUKfM+h4ji51eVd7G/9lOl6RbWbDEu3zZhjHztzg/QYH4VjznJNa2pXRubiSXerliSSDnNZEyOArMjBXztOODg4OPXFcFG796W7ParcsYqEdkQGFZQcEBvrXpHhz4XefoN62rCfT9WW5AtLmOTcEVVVgw2nDKSeoPbg15oxIOQa9X8PeN7PSbfSfD13fw32GeJ7uHd5USnHlLuYAtg5BOMAEc8V0NyS0PMqpM7KK41CSwtjqhX7cE2z7H3KXHBYezY3e2cdqz7iQbiQOo6VdvGO8gnGBgisa4kwxAPpmuOW5kVrh8qRzjPrVCdjjHGOtTTOOTk9eDVKWQZ4z+VCQmQytk1Tlbd06VLIwzw36VTkfDHBzxWsSSSGT5GQ/w8j6Ux6rrJtlVi3sR7GpXJya2QmRNyaiJxT2OSfSo8jvmqEYKnbgA981bjJ49epqrHtDD3qzHgn0qmUXoQBjnmrcZwOmapxnjANW4zkismNGrbt3649K1rZ8jj+fWsWE84zgHita0b5c8f1rJjNy2fnpzj0rTi5B7VkW5HGRxjt2rStzyfz+lZsDThOTnP49a04AWYALknoPWsuDBIzn2zVDxVrEmm6SLS0bGpahmG2VT8wzgM4+mcD3I9KRSTbsjnLpR8SfiMtgCX8O6GSZ2VuJnzyM/7RG0f7Kse9etKypGioqqqgKqquAoHAAHYe1cx4Q8PQ+F/D8NjHtM7fvLmQDh5D1H0A+UfT3ro1Y7e+eBVynfRbIViHWvD+keJrZYNYsYrtUwUZsh1+jjBA9s4ryb40eIzPrFr4ct2jFrYos0yIOkxGFX2Cpjj/aNe0I3yj8a+Z/HERPj7xBuPP9oTf+hVrTfcumm5GRHIAOQK1tOu5XkEUYYk8cVhjK10/hHSdS1WZjpZsZZ1ODby3SxyY/vBW6j6VjiFFQcmerQq8sld2LUOhgLhAUkJyWHrVS8GvaacxhGj9QoP6V3kfh/xLEf9I0Uhx3SeJgf/AB6orvTteETKPD92zL90hVb+RryI4t82tmvVHfKVPl9yVvRnjmpwT3mspiFEmumUAKNqljxn2ya6WTS7DT9JjsElkkmOXnkCjaz9OAedoHA9eTgZrUm0i/stRXUJ4LqzurY5hViofcejAHkDHt1+lc5f6vqCzn7UzTc8+evJ/GvVVWVfljTei8+p5cadOlKVSor36mZc2LQZeGQNjnj5TXtms+DI1+D9nazRSf2lplqbtGSMu5lf55EwOSDnB9NoPavOfA1hH4n8ZWNo8J8mJvtFwM5HlpyR+Jwv419FSzHeWzhic5BxXS5SVlI4KrgpXpPQ+SRNHKOCM+nepLazuNQu4rS0heeeY7UjXqT/AEHqe1ev/FjwxDqOjf21Zwol3ZEtMY0AMsRPJOByVPOT2LelU/hjp1tB4ZbUvLjN5cTPG0wfcyopGF/2ecnHfg+lac6UeZEe0b3NrT0vrPRrWDUpkmuo02SSJnDAcDk9TjgnvjNVblyGORjmtS6fIwT371h3EmSSc+uK4nqxFaVwTjGR6VUkfueRUkhAfn8utU3k+X+YqooTIpG2jrn2xVN2HOPxqWR8tyfaqrscnr7VqiSJ2z09cZxVkOHjVvUVSYkng8fyqaBsxY9DitEIex6dKj+ppx603PpVCMFFGef0q1GAepNVlwcetWI2OaplFyP7oPfrVyE/LVKI96uRMCBis2NGnARj8K07ZhgVkwNwM5x7Vp25xwMVkxm5bnIU+grQgbk+vSo/DmlHV3njW5EBt4GuCTHvBVcZHUc8irOjWy6jqcFqspQTttRyme2eRmocXoIuwswRtu0sAcBsgZ7Z9ulcv4a0nWNV8YT+JPE1oLaayUW1lbLnapA5dck5HJIOTkt/s129tpSNLNGl4TLDdpaurQ4+82wMDu6ZBrTi0iJooJI7/KTvIkZMONxTOf4uM7TinFSSaS3DQij6DPQZqzGwAwOQO1UY3VkBzjIz9atxk7QRj1+tYlFpp4La0lurh9sEMbSyN6KoJJ/IV8xa1qU+ua5e6tOqpJeTGUovRQeg/AACvbfiXevB4Kls4XKzX7CEsDyEHzN+eFH414UFJHIII6j0NbRkrHTQh1ZWfgHPFVGneNxIjMjKcqw4I96uzLkHPSsq5k52iumkrhXk4nZaB8SNatGFvPqcgj6KZf3ifiD0+ors5PHmoC0cvbweYVyksZwv12nOfwNeIcV0nh64kayvknYvawwgqpP3WZgBj9a4cZllCX7xRR04LGKcvZ1Vfz/zOgl1Zr6RpDOZJHOTvPzH86oXA8zKsoPsaxr6WRpfLChQAPrTrDUJYryCO9k8yzMiiUMMkISN2D1zjNXDC2V4HTPGxTcZJ2PavhZ4cTSdDn1eSLbPqOPL/wBmFTx/302T+Ars5ZMZPTP41PMkcAEEIVY4xsjUDgKOAB+AFZ1w5xx9M0pSbPFk+aTdiOSXDHBGBwQRnIrzSFV8FeMnslJTRNYO6EH7sM393264+hX0r0CZ8k+grnPEmlQ69pE9hMQrNhopCP8AVyDof6H2JqoS6PYkkvHK8HjnpWRcOA3PfuO1UtC1ea/09oLwMmo2TeRcqepI4DfiB+YNS3DfMQeeaTjZ2YJlWZyG6k/SqUrYPXkjqalmfnPfpjNU5H6Dj0JqkJjJGAHNVXPzZyakkb2qFiD/AI4rRCI3OBjtUlseXXtgEVC5xT7Vv3h91NWhFhj60zOP/wBdPNR/UfSqEYSyDA3VbiZWOMY9KorVmNgCKtjNGM4HerER5BAqjHIcYq5F1A5zWTGjSgxu+orSgYfj35rIiYjHtxWjC3Azx61mxnoXgFs3uqL3GmTfzWo/CUg/4SLSgD1lX/0Eik+HxzqGpj10ub+a0zwihXXtIlI+V5wuc9wvP8xR/L6i7m5cyvZX91c7D+8v5AvYHy5A2fzNaXnfZvDWjSjqlxIcfi1Y2rXM1xcXcLyM4tr6cqGOdqsyjA9sj9av3LH/AIQ7ScHBM8vH/fVQ3rK3b9UPsQW7/KMZyAFIrRiYNHz7VkwnkEnPP+eK0YDwvOcnv39qwiWcL4h1uHWPFl/oUqqILdRHbSf3pVH7wH6k8f7teeazpz6ddksPkbv6mui8WN4Y0zxdqFvqN3rNtdib7QHgt0dfnAcFTuB/i/SuX8Q+JLe8VIba7F1CTnLWzROPTcSxBP0AqIUqnt+aKdnvo/wN4VoxjZsyLtiIGkxgds96wWJLEmtO8uWuCBjAUYC+lZzIQcYr1qK5Vqc9afMxnWusgtobHwaJFJN1dSiSbJwFT5hGgHcn5nJ9CtUdH0ATxJqOpFoNMDcED57jHVYx39C3Qe54qXVtQbUGIVfLhj4ihBysa9AB68ADPtWVaftJKEdk9f8AI6cJTcE6sl00IbFBMLm6myUgQHBB5YnA/r+VUZpN4b37CpEgkMbEMFUY3Zbr6cVf8L6UdX8WaXp/VJrlPMHogO5j/wB8g1aSTbuKpOXKk0fTDuREgP3hGob64ArPmbg85zxmrt05JdgMEnOB2zzWXM+B19/pXns5ypO/T5sjnOazrhhzknJqxcyBQSc4/KsudypJxjnGfWhAc7f2NyviiPUbYRRwtCIrpt3Mn4Y6jAwadOwJbnv61cupOoJ+hrMmY8fzrS7YipI2CWyOenrVR+nYgVYlOeucVWbjnFWhET5bjJx1qPPUU5j25qM5znvWiExrdAevFPt/9ePXBqM8A/TselOt/wDj4HYDP8qpCLRFNJpzE4phP+FUI5tGNWY25Bqmpxiup8MRaY9nq9xqNlHdvFFBHaxvI6KJJJghY7GBOF3HB44rRq4zNif5uhz2xVxGGRzXZeO9I8P6Ffa3YadpMUM+n6hZiN2nlfzIJoSWVgzHo46jBwRXQHwj4ej+KetaCulx/wBn2mkm6hjMsuRIAhyW35P3jxUuDC55zE57c4/lWlA3vitLwvY2F94H8TardWEEl3YJBJbsS4C7ycgqGAI9M0mrnT3TSrnTrRLVJ7EPNCkjMBMJJEfG4kgHaMDPSsZR0uVc6jwFdW9rf6i9xcQwI+nyRIZZFUM5K4AyevBrS0dLbT5vDG+9tS8css90UnRlhztADEHGcD+dY2k2tj/wgl9qs9jFLc2t7FECzMMxtsLA4I5+Y81vaf4btLX4hnRLhPtNkyGSPeSCVKlhyCOQRj3xQk9P6/rYkfdrAItauvtVqz3F4PIRJlZinmFi2B2PFWpZ4m8K6dCJojPFPI8kYkBZQxbBI/EVzaXEX9mTf6NAJhcYEuGyF2scYzjqB+tbmv29tYy2CWsCRiazSZyucljnPU9OKxeza/rUoZE23JPJHWtCF8mP2Oc4+tNaGBPDFhdLDGJppZEdwDkhSwHf2q7psULaJfTtEjSQOmwkHjJ5+vWoUHe3lf8AUq55V8YPCN5elPE9mBLDBAsN3GB8yKCdsnuuDg+mAemceOLGzypGOrMBX2XGLKeEA20TxTxxxmNslfmLK4xnkYGMV5br3w50a18SWGnQaZDZJLrcUcVxAz5e1eFiUO4kb1dW59Ctd1KVoasze541JakMeKuaRp9nLqtudRV2s0YyTKvV1UZ2j64A/GupFlZXujavcS2sdtfWjxeVHEu1djy7WBH95cAZ6kMc5xmsuGARsCByPWuSpVajZPc1hy8ycloZer6lc6ldM7EAD5VRRhUUdFUdlHYCsyBtsu1upra1rQr3TraHWghFjduY1DN1I9vTg4PsfxxYVJuN4B2jua1pODp+5sejKbnNP+rGqsFuI/OlJJHAUd/rWv4AultfiDpDKMLLK0BA9HRl/mRXPyvxVvwpf2+n+MtHvLokQRXaF2B+6M4z9BnP4UQi7O5eLlHlskfRNwTyBjGKyLg43DHT0rUush9p7HBArIuW56jPWuVnlGbcvwQQcY5FZlwxyav3PAOT2rJnb5j79aEBRuX6+p6VmTMdx9e1XbhstxkjOM57VnSk55Jx6VohFeRsnpwagc8A+tSyE49Kgbrx2961RJGTkHPTFRnp1709jzj9KaSeKtCI2+70p1vzOD2waRvmXsM1JagtMTnotUgLDcAk+lN7Cnke9N2g0xHKKcYq9ZXEkcscSsQkk0Rceu1wR/M1mqR61btD/pUA/wCmqf8AoQrZjPQ/i5PJH8UNciViEkNqWHqViTH8zXpMyEfHLxE/mREHQmAQSDePlj/h64rzH4wnHxV1nn/n3P8A5CSvSJT/AMX98Qrk86C3H/AY6XVi6HGeB1Nz8MvGsQkijZre0G+ZwiKctyx7CqevRGy8RXlgGDR2knkpjpjAJI+pJP41L4J+f4WeO1Ixm1tM/m9Zt+zTPb3rBg15EZMHn7rGLr7+XmsZ7IrqdzoUJvPhlrFv5sURk1K3XfK4RRny+p/zmug0nVf7W+LqziGWFFV4FSVdrgJGR8w7HJJx71yeluP+FSeIs54v4f5R13EnlQ/GDSpd3z3NkGck9XMbj88KKF0+X5sTOFBJsZ+OPP8A02tXWeKm/wBJ0f30yL+ZrjS7fY5zxn7Qcfgrf412uvxG51TQYucyabEOP+BH+lc9rxa9CupYmb/ijNJOc/6TKD+bVf0lS/h3VELomXjG6Q4A5HJrKkkz4D0h+/2iU49/mrStIvJ0LX4Of3ckac+zYppe98v0AtK3law0Kk7UnCqB04b/AOufzp/iCyW/u2AIW4tbmO6tpD/BKmCPwIyp9jVGCQtfW0zAgzMsmM/7eOv4frWrd5l1+aL1kAH/AHyKafu6dw6nk3xK0NtH8RPfWwK2OsL52B0EmQzqf+BYb8T6VxDwJOnkySPHG5Cs6DLKM8kDucV7p4y059c8B3cUUTS3Nk6XUCjliAcMB/wEtxXh5RwM7Wx9K5sRpNSXXUqBy+q3Db1itrmeW0hLLEJScgeuO2cDgVViud/yk81uatAVvbS0WPdLcxg7RjcuScEj3GDn0Nc9NAyudv3l9K7aLjKCR21HKL54bdi7KQenSqcgzkevFTl/kXPXFQNVwVgrSUj6L8O6k+s+E9K1BmzJLbKJD6uvyN+qk0l1jGPXtWH8LpjN4DVD0hu5kH0O1v5sa3Ls988Vy1I2bOExrhhjP8OelZFwdp3cAD2rSuj/AAk8e1ZVy3U9c8/Ws0BnyvjP0qhIflxxz6Grc75OPTniqUpPGf5VohMrSvghc896gZu9SyY7Y+vrUJ961Qhh5579OaTPpSnlun40mcdR2qkIafb8Kms1yzt2wBUJ+9jFWrMHymY9SapCJSBk0zkelSNj8qYVpgcYDgirVqY0uYWlLhFcMxRQxwDngEj09aqK3NSL1HpW7Gdf438RWXi3xld61bxXNvDc+WGjkVSybEC8YbBzj1FdafiVpknxG1HxR9gvxFd6d9iFv+73KxCjdndjHy/rXlKnp7VPG3PpUNsLHa+G/EFhpHhXX9Glju5DqqRRrNGifuxGTgkFuSc9PbrU+t6pp9++nR6ZbXFvbWVilqBcMpdyHdix28ZJeuOiYZwavQykjrk8VlJvYZ6D4fvvP8I6nocem6hdm4nS5mltgmIkTbnqc8hfvY4zV64u/EFx4vttWOmTR3krpNa2+Mho0xhVOfmGOpHXJNU/hphrvxH3J0Sfn8Vq14NunfWfBlnJjdbyysgH8Mcih1/XdStdIRBcxtJqDWUFtPG7zu3kybd6sx+5wcZAGPc+ldj9vefWLbdo2oNe2Fh9mWDdGMfKR5jDOejdO3WuG1Zymv6kY/vJfTMAPUSMQa63xYyf222rRYCX+mxzKQe7/uyP++azWl2MfaavZrpGnadcWtzItlMZWKuoEh54+mT19q0YNZhkg1VGhlAv5vNyCvyDdnHvXGwvu2jAwOmPUVoRSfKSF5x0zjFZc7HY6aS/hmvLaWGJ44II41VCQWO0k9enNXW1AS6s16ispZwwVsHBAx/SuegfKDB7dqvwyc+nY81PMx2NyK5ChwgKmTG4f3QDnA/H+Vcb4n0eG1l+0wwRmGY5CsPlD9SDjsf8a6OCUbhlgCfSp5rWHUbF7WbIjkHJ7qexHvUVqftYW69CoS5Xc+ePG+u61qeqypfJFbxZysFqm2PnuT1Y8dT+GBxXLhdgDNwe1dt481h73XpbaWAWsNixto4O4CnBJ+vWuImlRmJxgdhXThub2aTVj0ayUUm38hkj5ao2NNZ8txTWbmutI4ZTueifCbXDa6zc6NK58m9QyRA9pUGf1XI/AV6dfAAE187aXqD6Vq1nqEZO+2mSUY74OSPyzX0RfFGVvLIKtyDnPHasK8bO5gmc/dHBPP4YrIuGGTWtdEdjzWNPjacfhXMijPmPPHH+NUpTz/SrUxyGwe9VHO560Qiu/eoT6mpG61ETk1aEISM4pp5AyOPenHnHTNJzjtx6d6oQ0+p696vQDEK/TNUgu4gDPJxWiBgfSqQhW6CoznPA/OpCKYxwOaYHDDrUmc1EKkU4IroYEik49KmU4HWodwxzTs5I4qGMuI5zzV2GQ8nuazF4+8QOatxvgZHf1rKSGenfC1gb7xEMZH9h3HGcd1q74evLe6+Ivhua1hFvA8FoEhDFhHi3I25PJ5B5PJ71lfCp/wDiYeIx0H9g3HH4pVT4e3Bbxx4fBbd+/RRk9BsbgUuiQi5rMoXxNqpzgLfT/wDoxq6jVp9/w/8ACsjcuxmi355KoxCj9BXO6nCS/iu+IJjXWRbqexbzJmYZ9gF/MVq6rJn4Z+FCDn99dD/x9qza3/rqBn28wB657ZrRhuQcZHv1rnYrjC4PHGa0I5wcEEfX1rnZZ0cNyMLkkDrir0VwG6gndkewrBglyFAIHTHtWhC5G3ac89zUMZuW7gLj1561owsuBycH3rEtpc4HQZ71pRS5GfaqiB4n8WNOH/CfXctqd/nwxTSqCPkkK4I/HaG/4FXnsiSKxDAgjsa9k8X+G4Yde1TW9W1FIbB5FkCx4MrAqAFGeM8EDrXG6dpEni+8a4yuleHrI7XuZCN2Cfu7j99z+Q/Q7wxKV77Lr/W7Ks2kjiTkdqSvVPGvh/wVaeGHm0r/AEbUYNm0ecW80HuwOc5BzkV5UxB6V00K0a0eaJnOLi9QJ4NfQWk3IvfDGlXO9XL2cW4qc/MFAI+uRg1895rqPBvi19Au/s10zPpk7fvVHJjb++o/mO4+gqqsHKOhCZ6bd8Ak44rIuCMnPNbN0VeMOjhkYBlYHIIPQg9xWLcjls9M1w2LMybOMVSkyD/PmrkvAOBiqcvTHrVoRWc44Haojwcjn0qV+OnNRfhxVoQZz/8AqpcZHvSZwPwoHrTAkgXdKp6gc1dxxVa0Xhm9TirYFWhCYPemHk81JtGBSFc9aYHAD605ajBpwroYE2akHQknjHNQ54pwcYxuXn3qGhmyuh6pjcLGYpnrkY649fWrEej6mZEjNjOGcsoXAySuC3ftkZpLLUoyr5t7u4OV2u93yjYIOOnXI/Kra6ojNC/9nT4SQMT9rPzKcZXrxkcZH9KiSC5a04+IdMEp043Ns0qFJGhKZZMZKnrxgZxT7NNbsLxLy182C4K+YkqMgOCByvpwR0Hen2/7+280xRBCQ237YQx4DbT2PGRn3x1qxbpvnj2W0ACuIWja9PDbgN2egB29enIqGgLNxeeJb5Bp97NezqXM3kO64L5OXwO5JPueasl9ensIrWU3MlpD9yPcrImfQDp36VRikDvG7Im1kWMmS+YDIDEsTjvxwOhH1q/skCuhESjewUC7J2nJ6fmP8ms3EBkNlfspJtXK4ySMHA/P86uRW04l8vyjuzjDYGD19etIrbrUy+VFyRICt0y8fKdoBHXGfzPpU8u8Wizu4AjBDMtwQz4xjgjr1/WspRKuTxs0MhjkXawOCD61oW82GUbunQVzpvBLOWJbB7u+49OpP1rTgnUnOfasGUdLaSgnoc9sita3dSuOCT6VzVrP0PoK17eQYA/vYppgYHxR0K01Xw/b6lczPENOmBkKcmSNzgqO24HGD2ya8f1HWmv0gtstBYwgrb2sAyE9yM8+56mvWfitqBt/ATRd7m7ijP0G5z/6CK8EMrBtykj3B5rspUudKT6bB7TlVkXptRMxgjePfHGAoDnJIHb6e1UGOSTx17UzPNGa64wUdjKU3LcXNJSUVZB6T4Bvry60m5tpgXtrVlELnqM5JT6d/bPvW1dHAJBxk8VNoenwaX4as7eF1kDxCZ5F5DswySD6dB+FV7vHYjnrXBUs5No0Wxly4A9qpSE5Pp1q5McDGAc1Sk6VCGVn578VGeec9ae59+RUR5/xq0IUjI56UAnHej+HBpUG58epqgL0CFYVHqM/nU/f2pijA454p/OO1WhByR+NJ3p3Sk60AedA04GmVNEsTA+ZMUIPA2ZyK6SSxY3jWU4mSGGVlIK+auQCCD6+2PoTWiviK4ByLWz9wYsj+fFQWltpssD73vJJUGT5KZB5I9OP4ce57VaXTtPN06eVqpjEhK/ufnMXyjJGOvJ9unrSYxI9bnVIVEFqBEpUfu/vAnPPPPNSNrcskBh+yWiIe6oc9c9c+9VxZwy2jG1ivZbldqlPLO1WwueQP97j6Vej07TiSpGp7+AFFufvEA88Z5z/AC9azaGXIrm/vLdplsbB0JV2dgP4Hzg88cnkdxirSrq0y2rpp9kVciOIoB8xYAgdfRef1rKEdl9gP2dtS84R8oV+US4XcDjtnPPXpVhLa3CQgnU/usZcIw2MoHTjGB8+fTFQ0BpwS6qkhxY2pGCcOMgZG09+P8akU6kscymztVWXcjZYY6M/rj7rHB+lZcKW73fEmo/YDHuVwGyxzzxjGOG/KrAis/tSRI+olZA3BUhiQeMDHIxnP0qGhjkuIs4+zWxAPVdxz+Oa0bTV2i2qlrbcFeTHnkADPXvjP5+tZhtFWXESXSwhRveSEkh+/TtVuG1dZEicyxu+cKbd85AyeOprFoo2odbnXefLt8OQTiPpgY49Bz09hVsX7SI6GCAFju3qmCOcnH8vpWNaWoaROLh4xjftgYHH+QfyNbNvb2DALm+MoGZAIvuZ9sdOtZtMZes5twAH3u4P+elbdtNwc9McVj28MQV2UXDMFDAeWQB168eoqzbz4IJOQTj9KytYZx/xjv8ANlo1krAhnlmfnuNqj/2avJa9E+LMnmalpnPAtm/9DNed16uH/hoxnuFFFFbEhRRViysbnUbpba0heaZuiqP1PoPegD0Twd4givNHj0yQqt1bKVRf+ekfXI9xzn8D61pXR7AfUVn6B4Zi0IGeaQTXjoVJX7sY7gep96u3LjPy81wVHFy900WxnzkZP09KpSH24q3MRngZOOpFUpDknBBNShlZh0Hc+veoyAM4zT3PqSTUJY5GKtAOz+ftU9rlpSfQfzqr1q/aDEROPvHP4U0Itr0xTuaYOnFP7mrEJ60m0+pp3vSbsUAedVLFcSxLtRyozu49aiozXSSXY9TvIXLx3Do2ANy4B4OR+ta83iCB97QxXkb+UY0b7R0B7fTheP8AZrnM0uaAOil121jWc6dbT2szuzpJ527GSM5B+nb29M1L/wAJDb/ZHiEFx5pUYkM/Rgm0Nj2IB+gx71z0VxLDkRyMgPXaetTR306sN00hXPIDYz+NS0M6FdU3XKy2FreRRMztL5ZLsztjnPbnGRmrC6sy2kiiyvhI6MfNDMBzu5x0xg/z9axLfU5ArpHc3EIIJ5uduTx/s+36VoJq6+SkQIVFQRlRfuFYYx3HAzk46DNQ0MtWOopDbWsC2V20YXbOsbkCYENjHpy2fzqafUPMmglgsLmOaI5JbJBXnIxjjOaLW43qyGLyoowskSm6lKgYxgED0x+lST37W9vLKXaQ+ZtIWeUZG4cZIAxjcPx9ahoC2dcFy/y2d8YJlceXvL7snIOe+Mn8zTpNUllvre7aK8URK/zTMSclcZB46cfyrDbV2TyhZq9oEUptSYtwcdM9OlPGq3kyFZbyd1IIIZ88HrWcikdXFrsIkVliuR8wL/v+WADbeexGRz7U9dTfz3ltnkj8xAsmSCW57/p+VcvBLnAznNWxf29qVFxPHFnkBmxn8Kxab0GdXHqFw5BaeRiwwST16/4mrUUx+XGcjsD3rkI/EelR8NfRDB7Bj/IVDqHjaytLU/2fJ9qnc9GVlVeOpyBn6D86j2U5OyQ7pGH8Qri6m8VSpO5MMcafZ17KhUHj8c5965Wrmp6nd6veNdXkvmSkBRgAAAdAAO1U69OnFxgkzFu7CiiirEFeifD+SNNGu8R4l+0Dc4XkrtGBnuAQTj3rzuu98Dlk0e5yCFaf5fTheawxH8MqO500z7nJHQc1nzN1xUskjEdR3qo7EmuJGjK8zc4OfpVNvmIwfc5HWrMrZGSOKqu+PSrQiBu+eahYg9/wxTnPJGTgVX3HnJP4VaAkJycA59K10XagUdhisqzzLOnovzGtQHBGarYGSjIFOByDioy+BmjdjHGKdxEnHrS4BHrTQw4x+VBI7j9KYjzqiiiuogKXNJRQBOsIJXM0QBIGd3TmrqWFuJyj6jalVAOQWAbOehx2/rWXTkba6tk8HPBwaAuasK28cUkqXKIVbZs847mGeo+Xp3qwW2lFS9ExaXy2CSseDxu4Xpxn1rKF1kjBlHI6yf8A1q1YdQhjYpAnkO7DEv2xiF54JAHYE0rIdy4t3exosaaoyIVxjzpSFAU4yNvTsKFvTJ5lvdSCb96JXd55QJQSCQRjsc5PrVd7qL7VA5vVIkUxOftLnbxwWO3oPYGo7zVYoLmJ7cOzhCC6Xbt8vI25I+h/KjlQXH3c1sbcSwJbQEDdsEjksCM4G4YP/wBcU2N4RszfW2GTdwTwcA7TkDnnH4Vl3999t8nCOgjTaA0pf8s9PpVOk4RYczOguNVitHaOJxOwAwy/cJrCmmknlaWVyzsckmmUURgo7A22FFFFUIKKKKACiiigAruPCd7DFobpNPEm2dsB3C8EL6n61w9FZ1KfPGw07Ho0+tadHw19Af8AdO7+QrOl13TiMfaweOyN/hXFUVmsNFdR87OsfW7EL8twze2w1UfWrUnrIfT5P/r1z1FUqMUHMzc/tW3xjL4/3f8A69NbUbbHyu+c55WsWiq9lEOZnR2eq2cQYvMVYn+4TxVxdW09v+Xpc+6sP6VyFFL2UQ5mdwl5ay8Jcwt7bxn8jVgMexB9xXn9KMg8Gl7LzDmPQQG7g/lSk44Oa4FLiePlJpF/3XIqT+0b0f8AL3P+Mho9k+4cxWooorYkcjbGztVvZulSi5AGPs8J57qf8agooAn+0j/nhD/3z/8AXpPtAyP3MXXP3ahooAn+0jP+oh6f3T/jSrNHwTGmc5I2Z/DrVeigCz58Zx+6jGP+mf8A9em/aAGyIIf++ff61BRQBMZxx+5i4GPu0hnB/wCWMQ5B4B7fjUVFAEwnAAHkRcex/wAaa8odcCKNfdQajooAKKKKACiiigAooooAKKKKACiiigAooooAKKKKACiilVtrA4Bx2PSgAo5pWbcRwB24FJQAYoJ6UmaKAP/Z', '让子弹飞', 2010, '2010-12-16', '中国大陆 / 中国香港', '汉语普通话 / 四川话 / 山西话', 132, 9, 'No.44', '让子弹飞一会儿 / 火烧云 / Let The Bullets Fly', 'tt1533117', NULL, '民国年间，花钱捐得县长的马邦德（葛优饰）携妻（刘嘉玲饰）及随从走马上任。途经南国某地，遭劫匪张麻子（姜文饰）一伙伏击，随从尽死，只夫妻二人侥幸活命。马为保命，谎称自己是县长的汤师爷。为汤师爷许下的财富所动，张麻子摇身一变化身县长，带着手下赶赴鹅城上任。有道是天高皇帝远，鹅城地处偏僻，一方霸主黄四郎（周润发饰）只手遮天，全然不将这个新来的县长放在眼里。张麻子痛打了黄的武教头（姜武饰），黄则设计害死张的义子小六（张默饰）。原本只想赚钱的马邦德，怎么也想不到竟会被卷入这场土匪和恶霸的角力之中。鹅城上空愁云密布，血雨腥风在所难免……\n本片根据马识途的小说《夜谭十记》中的《盗官记》一章改编。'),
	(7, '2023-01-30 15:06:40', '2023-01-30 15:06:40', 'MOVIE', '/subject/25964071/', 'https://img2.doubanio.com/view/photo/s_ratio_poster/public/p2264377763.jpg', '/9j/4AAQSkZJRgABAQAAAQABAAD/2wBDAAgGBgcGBQgHBwcJCQgKDBQNDAsLDBkSEw8UHRofHh0aHBwgJC4nICIsIxwcKDcpLDAxNDQ0Hyc5PTgyPC4zNDL/2wBDAQkJCQwLDBgNDRgyIRwhMjIyMjIyMjIyMjIyMjIyMjIyMjIyMjIyMjIyMjIyMjIyMjIyMjIyMjIyMjIyMjIyMjL/wAARCAF5AQ4DASIAAhEBAxEB/8QAHwAAAQUBAQEBAQEAAAAAAAAAAAECAwQFBgcICQoL/8QAtRAAAgEDAwIEAwUFBAQAAAF9AQIDAAQRBRIhMUEGE1FhByJxFDKBkaEII0KxwRVS0fAkM2JyggkKFhcYGRolJicoKSo0NTY3ODk6Q0RFRkdISUpTVFVWV1hZWmNkZWZnaGlqc3R1dnd4eXqDhIWGh4iJipKTlJWWl5iZmqKjpKWmp6ipqrKztLW2t7i5usLDxMXGx8jJytLT1NXW19jZ2uHi4+Tl5ufo6erx8vP09fb3+Pn6/8QAHwEAAwEBAQEBAQEBAQAAAAAAAAECAwQFBgcICQoL/8QAtREAAgECBAQDBAcFBAQAAQJ3AAECAxEEBSExBhJBUQdhcRMiMoEIFEKRobHBCSMzUvAVYnLRChYkNOEl8RcYGRomJygpKjU2Nzg5OkNERUZHSElKU1RVVldYWVpjZGVmZ2hpanN0dXZ3eHl6goOEhYaHiImKkpOUlZaXmJmaoqOkpaanqKmqsrO0tba3uLm6wsPExcbHyMnK0tPU1dbX2Nna4uPk5ebn6Onq8vP09fb3+Pn6/9oADAMBAAIRAxEAPwDs9xpJZI4E8yWRI0/vOwUfmaco3Ng8Z4r551y5uvFfxGNld3LiKTUPskQHIij8zYNo6dOfc1+f4DBfWpSvKyirt7n0uJxHsUrK7Z9CRSJNH5kMiSJ/eRgw/MU8KQSTXz1Y3Fz4J+I0lrY3MjQwXv2eQHgTR7sYYDjofwPIr6A1GZ7PT7yeIbpIIJHQYzkqpI4+oqsbgHh5R5ZXUlddCaGK9rF3VmhZ7q3tyBPcQxE9BJKqE/malUhkDqQykcMpyD9DXzl4c8P3PirxHJFqU11G0kMs7zuhZmZUJGS3qcVvfB3VLqHxb/ZYkc2l3E5aMn5QyjcGHoeCPxrsr5MqdOco1LuKu1b1638mc9PHuUkpRsme3Syx28e+aWOJTxukcKPzNPjKyIsisrIejKQQfxFfO0Lz+P8A4iwW+oXcqxXd0Y1K8+VHyQqg8DAH9TmrfgDVbvQPH8GmRXDm0uLo2s0WflfJKhsdAQcHP4d6c8lcabfP76V7W/X5CWYXl8Ol7H0CF60mDnNRS3bRyFBZ3TgY+aNFKn6EsKq3upvBG8rWF7FAkTySXLeUqwhRnJ3Me2T0I45614ypuWx2uokaBU9Oh96TBOB6V5j4b1eeazbTbSee6mur66t4TFqKRhJCJXVwFXdtIxyTgkcAY5lttf1zTLiGG41E3LWk0ELxtLGUf/QTIxaQjO3eMls8DJrulls1JxTV1+K/ruc6xaaTsemAH3/KneWzdiceleXLqGreG9Ma0sLlLlJWtp57xr2GSWKR5VWRhGC2YmyFHocnvUs19f6oPNn1ECTSZbua3aW7gi82QTlEaRdykwqqEEgfMSw7cv8As6W/Mrd/6/rrsT9bXbU9MxjilKEdQRXm/wDwl2vLqjzzbbfZehBYi4haEIbMyjMuPubgGLZ4BNafhA3unX6aRG0d/aSwi5uLmS/ieaOUr87BFZsxs2AOmDk96meAnCLlJra+/wDX/B6DjiU3ZI7QLg/Wl2npUoXgcUu3tXHym/MQ47UAHNSkYGBQF460cocxEVxRjIqbbxxTGXNJoFIixxjvQBwBTwvWlxSsVchK4NIwJ4qbaOaaR1FJoakQFcc005HTvU23nFNK0rFpkeO56GlHA4p+3GKaeCKQ73I3UjmmngVagtJbpwI1JGcbj0FSajZpaCGDdmVvnk7/AC9h+J/lXXSwVSdJ1npBde/ku/5GUsRGMlTWsn/WpS7ZNNPXinnB70zGfauM6ESA4cEjgHNfOeqCbwz8SZLm8t3xbal9pC9DJH5m4EH3HSvo7GTmvFtb8a+ItG8cGy1mSOSwtrwMEayhZjb78goSueV7g/jXt5K5884wSd1qr2+7Rnm5hy2i27anIarfnVPHM9/9nktxcXwlWKT7ygsCM++MV9NTSJCJZZHVI03MzMcBQOSSe1fOeG8X/E15dNildLu/81d4wVj3ZLN6ADmvTE8dT674w1PwgunQoJDeWq3HnEk7UfBxjHOB9K7M1oSqqmoq3LG78lp/kc2EqqnzN9Xp5jvGl9f+IrWG38JeJ7Nnjhna5toL4CSZdoICgZzgBu461xfwa1C2t/GH2OW0jee6iZYrjJ3R7RuK4zjBC+mePTNYHg7V4vCniiW41OGdPLt54HjVPnVyhUAg4xzxWv8AB/Tprrx7b3iI3kWUUkkr44G5CgGfUlunsfSuqWFWHwlWl9lRuntd69t9bfeY+1dStGa3uZ3w4/5KXo3/AF8n+TU3Qv8Akqlj/wBhdf8A0bS6S3/CD/Eu3fVopVSwuz5gRckrzhgO4III9qn8C2k2ufE2zubaJ/KjvDeSEj7iK27n07D6muyta9Sr9lw3+8wh0j1ufRYB44FVtT04arpdxYPI0cVwnlylByYyRuA9CVyM9s1eC44pQMH2r4mN4tNHuyaascFJ8PLoW0tjDqlnPpz3b3ccV/YmSSORuCd6upP6VqQeBrCDwxd6cltp631xbyxm7jtQgV2RkDAZJGFbHB559a63HHFLtrseKryVnLzMFSprocpZ+DYxfLNqU0F9AumW9h5Jt9gJicOG4PTIHH503U/BZu77UpbK4trGG80ltPMUdsCAzSM7PxgDJbtzmui1XVbDQ9Pkv9SuFgt0wCx5JPYADkn2rzXV/jGrmSDSNOZGYFUuLluR6MFAI/AmurDU8XXfNT/S3+RjUdGCszs7rwjYT6Fd2cdtai+ns/s/2xocsH8jyQ/cj5ew7U7SPDU2nayuoTXkc+3TIdPCrBsI8ts7up4NcP4D8d376wdN1aW5vDdN+5Y4do25z6Erx26Yr1wAMoYHjGaWKpV8O3Tm7pjpypz95LYYF6ZoZal20u0kA1xchtzFfbzmlx7VNsGOlG3ilyD5iILjrTGXJHFWNvFNK54ocAUiDbz7+9IQemKsbMCsDxT4msfCmmC9vQ7s7bIYYsbpGxnAz0AHU0o0ZTkowV2xuokrs1WUimn6V5jafGVJpz5+gssXby7oFwPxAFdt4d8V6V4oilaweRZoseZBMu119+4I9wa1r4DEUVzTjp9/5ChiITdkzXK+tGPapAuTUsNrLcttjXjoTjgVy06U6kuWCu2aymoq8mU9pJ6E54Aq/BpYWL7ReuIoQOh7+3/1hVkm10vhQJ7odeflX6/4Cs6R7i+uFDku7Hag6AewHau72VHCv9579T+XovXu/JGPPOr8Pux79fl29TZsLmN1mnSMQWMC8kjliBk/QAdvU1ztxO91cSTuMNIc4/ujsPwFbGsOlnZwaZEcgAPKR354/M5P4CsbHNbZriJ8scNJ3a1l69l5Jf1cnB043dVLR7enf5kBUjnpRnFSMOf6UwivEPRTHjHpVS+0rT9URV1CwtbtU+4J4Vfb9MjirQ5NP9s04ycXdMmST0ZT0/StO0xWTT9PtbRX+95EKpu+pA5/GpY9MsIrs3aWFqlySSZlgUOSep3AZ5zzzUzFgn7pMvn+JuDUD3V2nDWDP/1zkBrqjRqz95STv/eV/wAXc55ThHRrbyZHfaDo+py+df6TZXUuMeZNArN9M4zV2ysbTT7cW9laQWsGc+XBGEXPrgd6pf2uqYE1leR46/uww/Q0DxFpSviS6MeO0kbL/StHhcXy2cZNfNoz9tRvurlnUNG0zVQn9o6bZ3hUYUzwq5UexIyKlsNLsNMhMWn2NtaRk5ZLeJUBPqcDn8ada6jY3gLW15BKFODscHB96tKN3Qgj2OayfOvclf0K91+8gA9qcBnmnBfanBfypqInIQDjpSqPangU4Lz7VsoEOR4r8W9QS516LTpZnWG1jUhB03sNxP5ED8K5CDRZdQdf7P0vUL0g7R5cbFc+mQMD8TXtfjLwvFexTa1YQoutRIkccj8qyhscggjgHr14x0qc6FdajFZTTatPFJYzvG4iAVJRjg7fuhhuB6dq+mwdeKoRjBbfmcE6Tcm2eMala6joF/ptzNpc9hcQ3KPHvUneQR09fp719GjbIN6YKMMqR6VyHjhLZbaxlEjL9iuYpRIcZznae2O47V2NrF5dnCnA2xqvAwOBjiuTMf3ii+qua0o8jfmKq+tG3rxUgWmTzRWttJc3EqQwxKXkkc4VQO5rzVTexq5BtpNvPSvIfEXxiujcvbaBbRxwjgXVwu539wvRR9cmsaL4v+I4ogh8iQgkl5IwWI9Ppnmu6OV15K+iMHiYpnuxHFIRntXnOg/GHTbtkh1m1eykOMzxfPEM9yPvAe/Nekb4xD5xkTytu7fn5dvXOfSuSrhalJ2mjWFWMloNIxXk3xg0O81K80y5RwbS3hfem4Ahi45A79s/SvQb7xXpVl9955TnH7qEnP54rkNX8SS65f2kC6ebawch7aa4GHuGGSSB02+3JPNdGDoVaVVVHGyXcU3GouUoeHvhPYXNlJ/a5u4Z2IaM204BRQOp6jr61d8HeCz4X8X3zJevd2z2Y2NIuGVi/Q44PArqLyztbh7C8e6ktWRg2VfarPtI256AHPTqSBVrQ7e8W0lnvpxNNPIWULGqBEHCrx17nPvXRjcRL2Mk3uEKcVJO2xeC9D1rRuXk/s9ZLb5Izw+3g4+tUiPXpV3TJl3taScxyevY15mBnZyot251a/Z9Pl3NK6ulPexkY6+lamkQpAk2oT8Rwqdv17kfy/Gq01nJFe/Zh8zFsL7571Z1aRY44dOhPyRgPJ7n+Ef+zflSwdH2Mp16q/h9O8ui/UdapzpQg/i/IxriSS5uJJ5fvyNlh6e34DA/CmngdMg1Ky0zHavKnKU5OUt2dkbJJLoQkdT0pAKew5qNuDWZqtRRg4H51RutXtbGOaS6EsccSlnbyycAfz/DNaCjio5beG7ga3uYo5oW+9HIoZT9QeK2oypJ/vYtrydn+qIqKbXuOxBpWs6XrMYk02/t7oYyRE4LAe69R+IrQIJB2EBu2RXMXHw88MXMwni042VwOVlspWhZT6gA4H5VvaZYy2EHkSahdXoB+V7oqzgehYAZ/HmtqkaC96jJ+jX+V0/wMYyqbTX3E6SybT58DqR1ZMOp9xg5/SgrayRM8ktuAuQd64x+LYqwOuKd5Mb/AH40bnPKg81tQr04u8qav5NoicW1a5wniXWtBs1vLeyung1aKFZUCOQkh6hSOjAjuOmetWTLsYeXqE6E4PzKkgGQOM4B6mtfxB4K0bxLcQXd7AVvYABHcRnBwDkBh0YZ7Guf1PQNT04s/wBosZYjlg8lwsLMfowx+te1RqYPEL34rm81+pySdWns9C9/aOq28QdLyGTnG1lZSfyYjv6VZ/tvWYFDPDDImQNyzDHPf5l9q5C0vb66ZnjtJpYBtVniAkUMDk8rnHTvxU8viBG220c6mELiRlO5ck9B9Mmuh5ZhpbR+5v8AzJWJqddfkjtx4huoIw01orDO07GVjn6Bs/pT08X2W0mWJ4wpwxYMoB98rxXFx+JrS7gCpvVyoZWbndxyMenC/ial0zVFa+WVXDRSQBjg52Yzwf8APY1i8pgtpNfd/kV9ZvvFfidU/iyKdXiFhDcwupBEN9HuII9GA/nWJZS6vHqrPHBFHBKeZ7xTLIg6EAI2zOAOc1ka5pUVxbCKfc32aHzX2Lkl9pKJz9P5Vg/ZjFdS3Nk6Jbs0UcBSeQw3DkjAXJUgY5JB9RWkMHVp/BJfNP8Az/QcatN7p/f/AMA9A1J3vtUt7G2hNwdyyMG4VtpyFyeOSPwrrBrmlxh0luY4JI3ZGic5ZSDjtnjjg15HpGrT6hcc3F9HGGEOxOIy397Lbj0DEgn0rbLn+0GtjfxyY5CvHGWxjPoDU1MPXas4pvyf6W/UfNSbTu18v+Cd7J4m0SIfPfoP+AOf6V578UfFNpf6Ta6dpl0s0UrmS42gjhfuqc47kn8BWnb6XHq6XEGn32nT3Krua3uIGicdgcgsPxArO1jw3batfRi7ufLWz0iF3l3BMuzSZf0P3eh608LR5J89RWt6E1YxlG0JXb/rseSx2M0jvhTwcc9+f8KinsJ4lVihGTgL3rWvLXULLVJdOdC9zBncYQSGXAO4exGDW1J4S1+zsFu5IhG0iqSJGA+90HPTA5PpXrupFW13OFU5PocVJGVV2U5VSFBr1nwb4lubzwZJoUwkkubRl2MOSbfOQPXgjb9CK4bULY2L+Xcw+XvUEkr94jqfpV/wjO39vhYgCHgdSSOmAG3A9j8pqZxjUim+moK8XY7xLOXXZYlVFW3SAPcTyfcjyBn6nj8M1na74utpLoeF9HCSwvGI45lh3/6RuHzq+cAJ6gHqe1aJ1aO58PPoltBEY7u4lEsrOQVQBV2qB3JDc9MD3FZU+mJpDaTcW0rWktleqpkhB3SRuQmMD16dOorPlV9TVSaWhtXMWpyxw2kto1vdRorTSxTFY2BPAKevBOOgrotP1tmt4/PgdYs+WJMYII4OV/yfamXl/GouLm8lVFHJZ8DA+6ucd+nA69qz7O8trjzmgu/tFvckSxuDnGeOPQcfzrCrhqVRcrWhSqz7nXFcUw/KQRwR0NNs5zPbLvOZU+V/c+v41IRnj0r5erSdOTi90d0JXVzVF1C9sL+VRviQg4659Px6fjWEzO7NJJzI5LOR6/54/CpjnbtJO3IbHuOlRsvb1rXGYyVenGFrW383tf7iaNFQk393oRHnntUR68ipiDn2qNuuPevMZ2JkLD2qPvyKnIPTNRkAdqzZqmICMAU5R1poA7U8ZxjigGPUjPcVIByaagGKeOetWkZMcgqUdaaooeRYyob+I8f4mumlTlNqMVqYydtWTqoLAHvXkVj4Y1L4h3Nxrt3qX2OGWZo7ZFi8xgikgYyQAOPxOTXq9pfW13PPFExYwSFJAQRg9x9RXE6LpEPhy1bTrjUpNr+dAIwzKTg8Y55OCCMAV7eAi6Epp/Fp93X9DmqLna7HH6jo2p/DbxHpupw34ukecpIsUXlu8YwXBGcNkZ/HFepTWfhPVtOj1a507T54bhNyyPbrvfPUcck+tcv4n8M6W+n2Nu928dtHcie5uJGEe1MHf0AA4wOnXHWtnwv4TW30bT1vpHlSKL91C3HDHcC/uQRkfnXbXj7RKSfvLT5GSiovXY5seDYNW1GSTQLR7CyI2ZmlLIpB6jOSP90ZFc1Hp2qaN4hFnqEDwSCORzg5V0LjGCOGGcn8a95VQqhVUKqjAUDAA9hXIfECKE2FnIyr53mOinHO0gEjP1Aroozkvdk7mc0nqlYyYY5Z4Jnc8zy7zk9ug+nArOt9P0+3ubi2e3Yo6MPLErLHvJB8xFHR8qM7f5GtvSpftFqjNztAUnrk1btraIyJdKhEpB7kAgnIz2PQVsnYhnK21km25vYLZwigs0tx+6jUdWIB5x1JOPxpbGzstXnW4ivoXniH7zbGUIiIyCNwyQfXoa6i8sWuNMNnHKsJbaQSm9WwwO1hkZU4wRnoa5bVLyfS5J7y9mt0Jg+zmaMs52tIDuOQOAR79TSu72QeZbibTfC+vaTqn2iGNhiG5R5Bu8qTALYzxtyDz6U9PFMDePJ0EcgsJLFbaWZo8rG6yvtOO6kP1+hovtITXNBvLHT1Ux4MQcJxJIP+mnr0z1x+lakXh5bCwYKoZ1jVC5HLbRjJ9eOKyqzil5mlKLcrmhpek2sOs3uqrGPtFyVVj2VVGAqjsKveI9Hl1K3hks7q4gkU5ZY5yiSDurjkEUzRrmO4hK5AYHkUzWL6BSLY6nb25X5lilJCysOzHjK+oBzXPB3R0Na2OM8SabqHhjQLW2jkGrPM+D9qUbYExhtp6kZbp27Vx2gabLBLdXdyFt7V4/LjymRIGIDLtPYjI/HrXexapd+MNWt9OezFs9uWimZW3LtBBd15+7gADPc12s+k6HYSvq8lhaxtaq029h8seBnIBO0H3xXRTny30MKqvY8q0tnvNW3lWjgthsiJ6s2Rlj2HYY7AV1xhur+4Xy5IglswL4T53JUkBTnCnpz715rL4q+zXPlWVvHKoOWeQkBiTk4ArrPDvif+05ntLUxw3srs6pOfkkwq8KeuQAeDXQ4vcwTRoa1Ddi3t1gIWNGLoAjMd23GGGc5HY/Wufgu+JBZQFra2aLzdzeWYt3ylWA6AuAc9Mn3rqJbzVgWglt4baTr56TJLx7KcY/I10nh/SbKfQpWnQXL3wZLmaQDzJFBICkgDpnj04rnq1VSjzMtJsxrO/nt4ReRCRyMZt/PRw69+RwTXXZUoHU5VhkH2rz24046BfSWclhaylcvHcFQQU6hyp4DcEHjqKv22vfYrdD9pDGR14OMBecHH8OenFcuLwixEVOm9fzNKdTkdmdifU9PWmMARXmmpeJ7qXVI7+R4oFsyURyxVBnru5x6Yz6V6Fp0811aLNNBJCzAEo6bTnvgf3fT29a8nE4F0afNJ69jqhU5noSkcVCw/WrD/AKVCw4ryZI6YsiIyBUec9alfkVEfasmbIavTrinqeaaOOlPQZ5xihDZKMe9PpqjBqQc9q1ijFjk96bdabLqUYhgd1l7FZNnHfnBqRRVWPxRZaPrc8N0zeXHbKSEXcd7NkDH0/lXqZbS568V21/r8jlxE+WLaFsdN/sAtDcvBbxYxBH5o+71YknqSf5VxniPWdIvvEAhtNbaFY8PcyxCQIrLhcbxgEEEDgkZGD1q14i1+LVdZuJQhCmNUg3H5guMfgdx/WsKWz8nTNVntPPt55LF1RUA3cBW2fQlcHHYmveWFiqznd6nKqskr9TqNRsk1zT4ZZ4PM0tpkGJMr9oAO7aB1K/Lye/SujXXLWRjlJw38WI8gfka5nRb2W88K6ak8koFukgHmuW2tvYDBJzsCgYyeBxUdq87SSrATKQikyOMBcjqV9PRfpnvWvs0tES5N7ncwzR3EQlicOh7iuI8W30d3rcNlGpkFop8xc4yxwTj6ACtfSLsadp2pTTSljGylc8lmKkD6kn8PwFcjZZub1ZZFdmAd5mI/jPGPfqT+VEI2bZLZfW0ht4zPaSvCwXOQdykD1FWdMuNVvLMPfaf/AGfKrFfJMisdo6HIPeq1/LHbaTcy7wiohYljjA4rciWS5uWjRBwSWLcKozySew960bSV2IpStcKeIpGZvlUBck+gGK5PW005L/7PO82oXvmK0WmacxaQlef3jrnaPULk/Stux1XUvFF1d2XhwLZadCTFcavIm5pD0Kwr0GRznrjBOOBXXaJ4f03w7pwtNOhKLnc7scvIT3Zu/wBOlefiswhQfLvLt/n/AJb+hUYOXoYfgrTPEVtG02qSQ2VgyYt9IijUiLvkt1U+2SSTknNdPOgeJ0AAJHQ1MCAKSQhlwQCPevn6uMquo6sXZvp0/rz3OiEeXQ88nv8A+x9TZ3Plop+dW4+WtHXLmbV7SPS9Nhu/tE3SGSPam0jktuGNuOc1i/EGCSLy3VsozAYYZ2+44rqfAPjN/Eenmy1GUDV7fIcdBOg/jA6Z9QPr3r28FL2tNT2LrVOVqxpeGfDFr4a08QRYkuHUCWYDGcdFX0Uf/XrkPjNqUtt4esdNiYgXszPKAfvJGu7H03EH8K9OxXi3xfvAfE1qgcCWxt0aNG6Mzknp6HpXpU17xxt3Ok8CWunaVp9tYyxKb5ohLMxjBOT79e+Olcl8QZLRb+217RuLi1ucTfIV+YZK5H/ASK63RfE+nz6Jpt4kFslxNCA0kh2btqgFd+DjBxwa5X4h+IIZ9NstNsLaJZr1DJKyxkMynI3YwCCecEjpn1pQvzm0kuXyOxVI7mzS/sLmRYbpRMFOHUFgDwD0+mcZqzYXFxp90vkTI8kilvIICLOo6/RhnhvwPHTwaw8S69oLXFtYXvlW0nzeVJGsiqxAJZQ3Q0L4g1eXVYNTm1K4kvYP9VKxHyD0A6AHuMc961qYf2kbHKqiTPpS8sNJ8VaYPtEPmxkFVY5SSJu4z1Vh3FYM/wAO9OLZS/vl6DDFW4ByAOBisLwt46jvXNyUK3wUC9tEOftCAf62Md2X0644/ukemRyxXMEc8MiyxSIHSRTkOp5BFeNUdag+VOx1RUZas4PVvhZo2r2ohubu8yp3JKoQMp9uO/pXaYCIBljgAZY5Jx61Ow6VE4zXBiK1SqrTd7G0IRi7ogYZqGQqilmIAAySegqw33Tnj3PapbWxSRBfXyj7KnzRROOHP99h6eg/E9sZYbByxM+VaLq+xpUrKlG7MwEOhYZ4PIPUU3HPNOGoaJcX7rYX8SyA4aCRsZ/3Salnt3hIOCUboavMsu9h79P4QwuJ5/dluVumOcVInSoxjP0qVe3GK8lHbIkAyKlUVGgqZR7VvBGMmKSEQsegGT9BXnG+e/1W6uX8xHuZ9y7nDbUAIXGOg2gH2JNegX1s15p11apIYnmheNXH8JIIBrhJtM1XDWaaZLdXKptdIJUCnA6FiRgev8q93KeRczb1OLEX0JrPSLLWJ5Y5XlQx4KeXLw6n0GD6dsVYvtMEcd3p8jeafKZAzdWUqdp+vr7iqOoaJqnhaws9Xa+36g8ogmEKjyo0YcKAeGwRwTxwOO9drHJpt34PmnN5He3Mci7pAgR4nbb8hUfd+XBx0Oc17cVfVHK5KxxGp30XhjwpFFGUQWkCggruGRgdO+WP481j6frusufDYjs1e+khbzg7bZZd8jAb14HHDc/3ugpviaytdesZZU1IAJdACFjkuFBGeP4Rk4+pNZXhOOe48Vi8kvYt1gBHbyTDajsBgKCTgEAnGTzxzmq5Va7JU2paHf6hI0GpXVjMiqVZXESsQv3cjnvjJFPtUxGqqoPPAGT17ev/AOuuU1LUbyXXZNRySY4JWljkUjzCpPC4PAwo+Yjmugjvr+389J9NNuwmiSGR2zvVuSykdB9eeahvlVzRQcnoY3i+9R4DpjhniZiZcAcspUqvUHgkMfoAa19Yvp9YvYPBGlSMk90BLql2OsUeNzJj2BGfcgdzTtLEmq6rZI8iJ9ne4mZXUlJjnIB4P8RBJ44FaPgbwnL4bnv77VLtbrU7xvmmjRtgTO48kclmOT9BXn4zG06cbX95K6Xn0+7f7ipUneyOv0zT7PS9NgsLKEQ20CbEQdvUn1J6k9zSNL834Z/pU3nLtLbgQOjDvWcr7izexAr5Wc3LV7m8IlzdQTUaHIU+wpWNSpXKsZWtWcd5aSRsAdwxXAwaJNYarDcWztFNG+6N16givRZ2ycVmXMAaSMgc7xXXh8RKmnFM2UU7XOj07VUn0oXV48cLodkpzhd2M8fXPSvn74j31zrXjW/u7e3nktogkMbiIglFHXGM9Sa9LvNRtv7TawjVjNbyEnjIBcDrg9ML3GeDTL2yiuykiW1vLJFnas65UNngjHTjmvq8FOUqMZz3aPNqxSm1HY4Pwprdx4d05rZra3lti6vPDeTtGYSw4kXZklfUAE10Nv4WGv8AiptYur0SWv7regV4zLIBnYi43JFt4Bzk4zXSSabbX88TXqGKVGBLIFEqrn5gr4PHuP0qHTYU8M+M7a2W6urjTddtme1eeLy2iaM5CkcdVJycDOAe9dLWjktxKT0i9jybxfosmlazcyhZWtZJG8tpVCuAADgqCegK5PvXOb+jKcg9xXsviGW503XY721fJgvHuIsDkSFQCpPdWXIIrb8R/DTQPF1jFqujCPS7u4jEySwx/upQwzh0HftuXB9c04VlZXCrhpxiqnR3/A8Nsrl1dJIpGinjO5JEOGU+oNew/DbxoLqf+xrzbG8pLQ4Py+byWAHYPycdm3f3gK8v8ReDtd8IzA6naf6Ofu3cBLwt7bsfKfZsVmQXskE6TQyvFMhDI6kgqwOQfzAor0Y14WMITcGfV7Dmo2FcV4Q+Jlh4lvIdNureSz1F0G0kho53A5CkfdPBIU/ga7Zua+XxFGdKXLNWPSpzUldE9na28gae4ZWSPny/X3Pt7VzutX9xr0/lxyvb6dlsyIQHnx94JngAd3Pyr39K2o40lfY5Gwg5Hr7V5/4h07U9e1d9OnlMOmjAkgtzl5wOgcjhUHZBx9TzXqZdUTo8trW/E5sRF89zktWutNudQNroOnwXuG2m5ZpGhU+isxzIfcBR+FeieFLB7DRc3czTyu3+6i8dFXsP1q7pXhWCG3S3S2RAowqRryv1J6VoXVk2nIlu2OORg54q8fV5MPKVgw8L1Eil9KmXrmolA781Og5xXx8Ue1Jkqiub8U+PtF8JuLe6aS4vmUMtrAMsAehYnhf5+1dKBXm918PtKv8Axhq95f3V3smm80BHVQhKqTlj6Z6dq9bL6FKrO1XZficddzt7g6x+MumtcGPUrB7NTnbJHL52303KFBA9cZr0LQ1Elit35iSi4G5JE6OvUMPr1rzHW/h7baTcrdWLMtg6oN7Ydt3c7u4ro/hneNp3he70/UpVhFjfSR24cFSYmVZBheuMscV7qw1CHvUlY4nOptM3PHO0eFJ9xH+tjxnuc5rxW+1V9Oe6ubeaZJ7m3WB1VyEkAOQSO7DoPSvVvHv2nVvDySaRi4WGU+aoyCpOADg8nqfzrx77H5/iRrbUXEMFlG09wc5AAA449SR+dddFaamU2PtI5YdDlnxmWQnZn+Jhx+Qz+hNbcUEGmeHLMmRczMqqrcOZMjIPtxnPpVfR5n1OG8uHSSO3KutvCE3fIoG8kcHOMHI5G09e9S/zqN3Eu5TFGm1QvTpy3Tv2z2wK1er1JSOihh5jCtAwntdolYqztvmEYPHqOeBXbX8UlxfzoA0yyPDIFIABAJB5PtzXH6dbt9v06FLNsqLWM+af7qtMePlHda66XUFbTYp7aMKrqrH2449+/SuWsdtMTSbaKxvlleAhm80xgEnaCcjAHQ4zxzXTNqCpD5r8R9d4IIrmtKhnvQZHBIB+VWON3+FaOp2WozQIkTKsgbkzH5ZFPUNjnNfPZhhatStGUU2n+BuuR7mfrGqS29ylzbqwC/61O0qev1Hr6Vo2V19qiMqn5cYUe5rz/wAS+HtTAng/tUJDGvm2aWshZ45NpzufAO3PG3uMc8VJ8JNZvNX0i5tppzJPZSKVMnzbkcHGe+QVIz71nXwXJQc76xtf57D9pHmULeh6oowAPQU2RsKTTEDqpaR8t6DgVFcPtUL1Pp715CEldlV2zKR6CoJHAZSThQwJNOlbY8xz0wKo3r+XZoGba0rrGvAJJbsB3OM10Rjdpm62MS0llWS7nl85HeeRwkm08M2flIPTHbtUOn3s0+sy2vnsI5J8QRAjDEgd/TrWpqOjQ3gjtwkG87S0kiZYKOgG3btHoc59OlO0TRBpV9G0nmiKEMU2xAh2P95uvGeM+lfTYHG0pUUpNJrocNek/aaLQ0tTtngtVlkkR03Z3HKhewwfXP8AnmuL8R+Kmi1TTNOa5UnTJFkaSMZbllYI3+ycjOMcVv3fiVtS1SXS7KwuHiXInneNlQAdlBHzE9M8D0zWBr9hcahp86rZmRoJTNLmE5eMKBtGByTk4+lejTlp7xzzWvukrJNf6ZciR90rSCRD/t5/yK634b6r5+m3OjynbNZuZI1PXymJyP8AgL5H/AhXPaRplzfQW8D280UEjjzDIhXCdW6jqegFbk9xFpWrSWekaTHHHHErPNC4+0OWbgKD8zHgk84qJzi9jppSbpSpSW+q9TuJYkmieKVEkikUq6OoZWHoQeCK8d8ffCgRo+q+Frc4HzT6bHzx3aIfzT8vSu41Xxxa6B4UOp36tJciQwJBGQTLJjOM+wPJ9vevJZvi94on1F7iG5ht4i2Ut1gDqF9DnqfetKSl8UTiqWWjOHgZ0kVo32yI2QRlXUg/mCDXtHgD4lLqZi0XXpQt+Tst7puBP6K/o/oejfXrwet3sXjKQX5s4bTWQhE6ou1bnH8eOzYOM+1cjuRxgOM9MSN0/GqrUYYmLhLdfgTFypNSWzPrIfI3TkVPBBYrvuJJVjLHJRR8x+leX/Djx1PqHl6Frc6Pe7f9EuM5M6gfcY93A6HuPcc+iSDPvXzkpVsDNxt/l6noJQrpMtz6qyp5Vmggj/vdWP8AhWSxLMWYlmPJJOTUrelRMMV5eIr1K0r1Hc66VOMFaKI1HTFWEFQoOeasoKypo0myRRmuP1TSdMk8S6hHfRzM1/DG9skXy4lUYMgbjacDBNdkory/x14uFr4strRS32WxysxQ4ZpHA3AEc4AwPxNe1lsJOraPY46sklqdy8loNKSJVfbGQSsh/iBz83NYN3i81pbny7iBboCGCRn3FnjQkq/UEkZZfUKfSqEfiPSNcvrfTLWWK0Z498rMCE2gcInYk+3866Twdq+jeKILnRbK0uo1t9lyJrgCN3IbHyJyVGARknPJ9a9ujTk5a7HPVnFR03M+c31rYObqFUmSNmjmhOYnx1B7qfqPoa47RvA134hhutea+jSa9iIghaIsC2RhmOcfwcYB613vicahJp81hpD7b25m+zI6Hlcn5jnoMAHmsfx3rVt4K8Iw+Hra4VNUntlij3EoYohgNJx0JwQMepx0rZcydomPutXkcNZy211p+IEkUQbrZ43UoV6E8Hnk9TVaS2kLwQrIQkkyRtjg4Y4/HtWQnjfVXnhTVJjeWcSlEIjUShexLAZYj3rS0bWl1nxBb2tjaOWw8iyykDDBTjA57961aa1M4tOyOnWezOrxXD+c+77VdKcoPl2uq9c/wxirek6nCNMgiVjtgt4fM3Y43ICDx27fhSTWOrWAhWeWVIotOaA5DbWfY4/unqWrnrm4vYbeSSO+mjkXTIEQqrg79yhsfL6DpXPOPOrI64y5dWd/J4ySyskhs7Np9igZRCcmuVtda13xBrirfXhtrNN5+ywNltygfK79jyMhfpVbUvtM17p8ckSLHsspn4G0ls7m+9jPQ0zwkftHiYMVWJpYrmdkQ5V8sgBHJ6c96wqxlGhOT3Sf5FJpzXqdrDarIduwAKRkAe9cF8LPLsvFet2e9kZVwjAcYWUrz+Yr1Wzgxdx5HyuNprzf4d20R8feK4iu7b5iq3bH2g5/kK8HDVObD10+y/M2r2VSHzPXFbcPmJz/ADqorGe5Zv4EP60jGa3g2MMlvlTnkn6VI220sySQMDqa8h6bGlrGdM3m3DgZ2B8nHc9hXG/E9dRksdLttLV2uo7j7ZtjXLEoPl2j+IgnOOtdvZx7szyfLCgLAtx7kmuifQrLXfDVvBch18wLcxypxJE55DKe3GBXrZZRlVr3j9hfK+1jPEzUY8r6nhul/F2zijzqmmTfaCfn+zOoQnjnDHOfqeOgrRj+NGlZ+bSL33KzRmu+n+F9qqPMNSLuqMSZbKFyeMnnGea5GDw5p9xEHktNPzjpJYxt/SvTnltBu7o/dI5lVk/t/gMPxl8PGAs1tqqyDGEMSHP478Vc0H4naXr/AIhg0u0tbuEyo5SS4Kj5lG7AAJ6gHv2qG38FaRFcPIbKzOVwcWijr6DnFZfiOwg8OpHdaNZQQSpEz/aUto1+dcHYcKOoIBxzzWcsnoSTUYNN7Xlt9w1VlfWX4HoN9qtvbruMyeYrBlUtyf8AIzXPXtzqdlNdXiWkV/anDXGzcTBGucsMEKcg9/atT4aavZaoLkwAeY8YaSJwC8TqeVP59e+K7+WNJonhmXfFIpR0PRlIwR+RrpweAeFg4OVxvEq+iPnTxI03ie7e4sraX7Lp8YEiTFRt3k/dVRjGF9a6uP4a6WlvaxxWVxLvQo91HPtKn1PUcem0jjrSv4L13w5cm+WWBtP84W00YcMZoiTsYgjgghPfJPbNdlpl8JNNkgjTc+MmMvsPvg9q651HGyTsi6lKnzycNV/X/DHnGk/D+6tNc1Ccyu+m2kLkPJGEdnyAOBweNxyPSmyfD+HxL4fvJtJjT+1tLu5LcxZCi6hOJYwT0DhZNoPfbg9iPV9IinudKuHuFYPOGRQz7jtGRnPfk9fauf8ABzmDxXq1uel3ZW90AcfeR3jb9ClZTqzUudb2MJQjyuPmeI+HdJ1XVfEVtpmkxzw3yzDcQuDbMp5ds/d24zz6Y719RNpV2EGSkrAcsPl3H1x2z1xUbQrDI0tvFAkjElm8sfNk5JOOpyO9Kl3cxMN0o29wq4/mTUYirhMTFe2dn/XkRThVpv3NSncQSwH95GVz37Gq5FXby7e4wp4VeQM559Se5qkwr5jFKkqjVJtx8z1aTk4rn3Gx1ZSq6c1ZjqKRUyR5BDC8rDhFLnAz0Ga8u0eW31l2+06GjbiXM1xcqGYsc5ZccZJ9a9VXpkV5v4m0t9D1AS2qtDp07A7kGdj91HYe2R9Ole/ls4xk4vdnBXTepO+gQ3zxW7+HUhtoyy+dDdptwRwduASM9f0zVLTtIgu9PluI5/sGu6fK1u96vyyAqcAseoyuOe49a1tH1WNiw87DiMfKxzn5snrVq5Nnc6ja3zW0Uk0JEYnEYZgCMc+oGTx2OMV7FzmJtFvNSuIDeanDEs11ll2E5VhwyuMAAkjdkccn2rjPjLqGkPpdlZzQedrQIME0f34Yc/MGwPmUnoD0OSPfs9X1GLTLC5vLg5KkMFU/eYrjA+uDXn+oR2erJ/xOSnnzh5Eb7vzBfuo3TIAA29wO9VGVnciSurHkuHkYpsbYD8xIxXa/DlAPFsJP8MEhH6CuOt1dyXcnL4b9K7D4fyiLxQ8xHyw2c0jZ6YUA/wBK3q/AzOl8aPervVbLTbJXvb2C2DLkebIFJHTgd+aqeGrrT9d1zzY72C4+yAyRxiQEl+RuA74GeR6iuB074f3Xi60i1nW9emNzKgkeOJFbyVIyFJPC8Y4AArmPFXhk+ELmzvtL1aaVlcmObgNFIORgr/KuWKg5JX1OiTnZtLQ+hE8I+HFuPtA0LTzLhVDGEHAXlcA8cYHaqOq+G9GsZzq8FsltckCDEQCoQT/d6A+pHXHNbOg6idY8PaZqbKFa8tY52UdAWUEj881Q8WgHTrdWlWMeduy3OcDsOpPPSs8W7Yed+wqLbqIyb69tNE0mbVLyQJBar5hP949lHqSeB9a4z4SWLW+halr12Csuo3BCk90Ukkj6uzf981yPxZ1W6Z9O0/bcQ28avMI5SA0hPyiQqDx0IAPvXr2gtp8elWMMdvLB5NtGqQTAZjG0cYHGeuT65r5qpS+rYJW1dR6+kf8AgnU7zqu/2f1LSRtLIbmYbQB8insPU1AyG9m3HPlIeP7v196uTzQuf3j/ACj+D1+tV5Z0eNm+by0H8I4FeRd3OqLe5XuQt48dgmfId1SQ/wB/JAC/j39q7/YqgKowqjAHsK4XQVe78SWu9CEi3zBSc4wMAn3yRXe4r67I6HJRcu7ODGS95RMzXL2HTdCv7ydgscUDcltuSRgDPqSQPxrxldXuba0llNpAohSGQ+bKVDLJn5h3ODge+e1dh8Y9Q+z+H7S08xQHuEndRy77GG0AegJ3E9gvvXCrbCWXyjDGv2mwmh3XMmSzwuxHy5/2B2PWvXkY043WpevdevYTerHc26tZ3EaN5FqXZonzhgXbA7dj1rB1u2ZdL1SN7a5Y2uol/NnlwSHBGc4GfuL3rQB+2CKJbp2/tHSmi2W0e0GSLOPTn92O3eqU8Qu7S/c2nNzp0Vzunl2/NGyq3HHo1StP6/rzNbK2n9f1odH8LNN06HxI8zhn1L7F5pkkyHDSMWKnnB+Tb9MnpXqmoahbaZam4u5AkYOBk8k+grxHwfrL2FzY6hcXDyTSXiSTbhkrGziHBPpgsR9BXpXjyVrd9MGeN8qn64Wh6mUlqZ934ge51YXkDLEqIEjKSh+M5O4dCDnpS+Ib/RNQ8KX+oG1iGoWiB2ijl8tJsMoOTgjHPPGRWesgmj2lZOf9gOKhWyuVLPGI3Ug7oy2MjHofx5H40tFuNX6HaaR4l0rVjbRW0nlTSIHW3ZCuAByoOMHHt6Vy+kYt/iRbqMYlsr2Hj/Zkicf1rmLa1/s2QCwIG1/MgZ2O5HHZvQjj6it7Rbp9V8aaLqAgdX8q8FzjBVHKLx7cg1zYiHVba/kVF2TXoehyGqz9TU7nmq0lfPV2dkEQN1qIjnipXwPrURrz5nVEah9qsx1VUcjmrMfSqpPUJllelUdZtlutFvYWgWfdA+2NgCGYKSOvviryjinBdzBT0JxXenazRys+a4tUv4cCKVty8nzR09gOorVs/Gt/Yt89tv3HkKcg5Hvj0H4qK5nV9WlTVbmJIY1WGV4+WyTtYrnPTnFN06/hmnUTywxuHBX7RIyx59yAR+dfX8t1ex5nNZ2TO11DUtQ8WS2tzJC0VtYnznjB3Fzg5Y/QdB7nmr7XEYjRLhI3hRlcKcEZHIPpWHeXqaXp0txcazYyXZX/AEeysZfMDHsXI/hHocVgw+JnXQfskhEl+nyRy5Gwr2LD1H68VHK3sVzJEOt6bHpl+8cLq0Ei+ZDg9EJOAfp0rq/hb4cu9Qm1fVYYmaK0txEqlflmZjlkz3IQE49SPWvPZJJJnZ5nZ5CeWY5Jr0X4KatNa+MZLRtSWCwktJZJYZZMI7jbtIycBh6+gIrWafJYzi7Suj05dGt7S3MdstxJHLGiGOMyFduRnke3qfSuX8Y+FLWe3a0tZ5zJOwOBIzKgzzhenTOK2b690jVmkuIIprmNHYRPEdpeIOQDjPKllYA99tQw3zQXaatqGm3ElhZAzyRgrlAoJVjyBkMFwM8nArgXNzpLc79OTmex6Zplkun6VY2CcLbW8cI/4CoH9K5DWdTitZ7/AFi9JENpG5HPKxr2X3J/MkV2VveQ3VjHfW7iW3kiE0bjoykZBry/xvc2kHg3VTfzrELmF4og2SZJSCVXjvkZ9OK5M0vP2dLXV6meG0UpeRwvgyC4+IHxCn13VIiYbTbOYQPkBBxFFk9hgk+uD617TOzyffs957HzVBrzv4N2UkfhW8ulkEi3F4f3e/hCigcjHBOc/TFegyiVBne6+yr5g/I14Wa1ebEumvhhol2NsPH3b9WVy1wn+r0jef7z3K1RurjU5GCyW9vHGDkJGXlOfwUCrktzFjDjn1ETpWfd3OyImO4Mfu2Rj8xXDBXe35nXGL3NPwhNjxHNHKwErW7fL/dO5TtHqcAk1Y8TfEfT/DOuppk1jd3RESyTyW5X91uPyjDEZOBnr0xXH6TPI+o+bZTyEIcG5AIVT/dTP3mPfsB61leLNF1nUtcudUjjW8W6cbhD8rpgBQCCcEADqK+mwONhTh7B6M5K2H5p872NHxGdB+IOpi5tPEtpb3PlJDFaahG1u0a/NvAY8MW3dgce9VbzQ9W0DULGa502IoL151kEnnB4nC7+nQ5zxjvXnchBcw7QWBI8uQY6fXirNlq+raUFjs7ueFFORDu3R/8AfDZH5CvUdW+5kocuz0OmN5JplvZCeW6/0O9ZlWKHYrxNjPp6HjH8VZFre2RUx2tu8ywG5jy2cvBIMcDjkHnBrUi+IUlxam11bTbadDx5sH7tx9VOVP5ioPDkOhRvNt1GNbmRisaXIMWAx9T8vGfXtTU9NR210Nnw78PtZ1XRbS7ae3ihu/LlEjSENHGrLhQoBJyFYjnHIruvG9nKnhK3ll/0ueykTzJNu0uCNrHGeP4T1rrLWKGGxgjtSrW0capGyEFSoGBgjiodRto73Tbq1lJEcsLoxAzjjrVtnM5NnkGna7bviHcImP8ACeCfwrorV4phvD8dsHJH1rz24tGuWjeNCJchhjg8dP61Hb69qOl3JS43TIp4yxBA+tPluO9jvbvToMtcqWLqw3YP3vr+f602TRpbJrSexn3renz4t6qpjbJJBOcZB7965m48cQTIlnFHK00xCg+XwGJA55Ga2dO1ifUrFbS1trqV7BFjkXyMspZm5YDpkhsD0A+tTJ8sdSoLmZ6DZjUo7ZU1SBY7gfxxkFZB65HAb1H5cVIwpLC7ZdLt9PuVmN1FAu8mJggOeBvxgnHYE0rV87mFOEKvuPR6+nkddBtx1IH+lQPyancYzzUDe1ePM7IgoqaPg1Eo4qVKKe45FtOlNuZ4rW0nuZ3KQwxtJIw6qoBJP5Clj6VzvxFnltvh1rkkKBma3EbZONquyqx/AE8V6uHh7SSj3OOo+VNnzXEqvzgkdfm6/j7011XcQFFWU2ohJGK9P+Fvw/sNXsU8R6vHHdQO7La2jcoSrYLuO/IIC9OMntX1spqKuzy0ruyPOfDGmW+seIrHTppWt4biQq8kKhmUBS3A6Z4r0fWPCXhiTR2ttKsVjujHuivLiVwDtIJLNgjkFgeB90dMV3PiXT/DXhiCPxM+iJG1rKscr2CeU/lSfI2QuAcZB57jrXm/jjxdoM+nTaVpVxrc6ygBTeOscMJ3BiQoAZ+ARgnHPesm5VLOLsax5IpqSuzi7aG1dI52t4lSKMR9SRI2Sdxz3wQPTgd634vDWq/Z7S7msjDbXTpHC7qBgscK23qB6EisDR9Q8rWLWVIopEtQJVinQOjkH+Je/J/lX0D4P1WL4g6VJLJbPbXNs6idwoKbwQylc9egOO35VcnK+hEUranSx+EtPtzZNEoQ2UXkJgAAxAfdb1GRu9iT61418TPGg1gvp9lIy6RbP8zRDAnYfxEf3fT866r4jfENbLTLzw/ZPJPelhDd3UShUAOd6Lznd0U9hk+lcz4W8I6xZa5Y6tq+myQ2UUT3KGQLsGE+VSuSckkdR27U5SjHXqxK7WpwGneM/EljqNpHa6vexWVnsJgE58pI+4x0AIOOR3r1bxjH9v8ABeruipORb+dCpwwAyDuHuFyQa5LxIlrp1lFa29rDAJ5DK6xIFzjuce5/Suk0bz9S+H0kRQkyWlxbIT0bapA/mB+FeXj1zRhWX2X/AF+R04Z/FDuh3wVKf8I3qigAEXwJx7xrivRplyteUfA+6DW+tW5PP+jzAfUMp/kK9aPIr5vNo8uNmvT8kbUH7iZkzWaZJUuhP9x2X+RxVdrVGUq5kYH+8+6tG4KoCWKgf7RxWVPfW8EbyyzRRxRjLu0y7VHuc8VyqMr6HbGWhYis0QYTKrjBYnkj0HoPpVjygMALgDoP89KztP13S9Scx2Go2l3IBkrBOrEfgOa1l+dcYYj0UAD+eaipGSdpKwubqcj4k8Hw6kj3Fikcd31MZ4SX/Bvfp6+teazRSwSPFLE8UsZ2sjjBU+9e7uhx90AfWsHXPDtlrSbp49tyq4SZCVbHoT3H1zivUwWYunanV279jOUL6o8ZmUswZwUP9/qD6U+O1Dwhlk3A9yODWzqPh8pO1osyLco2Tb3WImPoVb7jg9uR9Kp/YZ9P2QXMMkEgyQHUjP09fwr6K/upo54tSdhbG+1PR5t2lalc2bjtDIUU/VeVP4iuu034veIdNkSPV7O11GMEfvAPJcj6jKn8hXFXKO6na+1/7wH86zZVnVSsuQufvA5FOLfcJxXY7uz1zRJppN139ikldsfaEKYBOcbxlfbqKv33h22uYBNGyvG3/LVG3K3/AAIZFcRpz2C6ZMGS4k1EykQmPoo28FlJwRkYPpmrdvIbdiYDJZXLfeWBigJ7kjoR9Qar2jRn7NPY3bHRoYdYt4lwxVjJ9AB/iRXf+AYFaHW9TVSFu9RaKJj/ABRwKIgf++hJXm9trWradObprWC/OMFvL8uTGc8MnynGB1XtXY+D/HWgWOi2Oiyx3ti0EewPcx7lkYkszFl4ySSfxrlxLc02v66lRg1ZHfvjrUL8c0sN1b3UXm208cyf3o2BH6UjdK8GqrM6YFdyOtRHrT3znPWoyfSuKT1OmIq+9TJxUAz2qZaIBIsx+tea/G6edPDulW6ZFvNeMZSO5VMqD+ZP4V6QhPauL+Lmnz33gR5YQpFlcpcyg9dgDKSPpvB+ma9jLppVo3OHEL3GfPrGWUCJASzEKoHUk8CvqHwfcY0caY6qk2ngRFAoHy9unfIIJ9a+ZdNuraz1uxnvEaS3huYpJo1+8yK4JA/AV9GajfW+kagPEVmzXOnXMBuJfJ5yhAYsB2yMMM9TmvfxUmpRVtNTkoJNNGx4rsX1PwfrVlGAZJrKVUBHVguR+or5Z1Ny0hl7v90eg7f4/lXtUvxw04RXJt9EvPNCH7OZpE2u3beByB9M+leLXk0dywYxlW7hRhc+3t7VtSjJKzM5tPYdo6NJqAKqQiRt17k4rZs9W1Pwxq0eoaXdzW7NlCUbAOeCCOhHfnuBVTw/DI91JKI38mNCpYKdoYkEAn14JxWpcW8DOFnWQwFhvEWN+3P8OeM/WtSBHtmm0mDUYphPBJvHmAnKy7c7WB5DY5z0PYnBr0zQde1S+8FXLaldG4UXIt7eRx87KBubce/BAzXiubjTZHkDEoeWBPBAzj8cZ/OvXJ2TSPBekW02Ymisvtk4IyVaQbzn6LgVjWSa8xoy9R0VNbuxPJrmn2qBfLWIh5ZRgnOVUcc12/h821l4dsNCi+0zmB5HN29s8StvYkgbhx19+lS2envY2CPpVy8to6iQLKCzDPJIPB79D0p8C3d0+6FLqcq3/LOHjPpnH9awqxdSk6a7FwlyzUjzb4UA6Z4/1LTGbObeaL6mKQY/TNe3Y4rxDw5s0746TW/Kq9zcxgH1eMsP1r3AdK+bzlXxEZ/zRT/M6qGkWuzKFycBsRh27A8D8TXk3iHWNNufFlzpmr28E0cO1IozGFUNtDMwH8R+YDnnA4xk167OAeD0PWuC8eado0Wg6ZPBplmNW1KZ55rpYwZCikj7x5GSy/lXRlVKNSpJy6IrETcYqxx954I0m723OlTSWE4+aN42LJn6Z3L+B/Crmm+OfEPhGeOz8UQPf2LnEd4hDPj2YjD/AEbDe9ZlpdXOlEurjyf4lkOF/PtXQ6breja2GsJJYJfMH7y3fDZ/Do34c13YmlOMbVV7SH4r5k05Qn8Puy/Bnomlavp2tWK3mnXMNxbnjegPyn0YdVPsQKtOFPQqfpXkF74H1jQLo6r4QvJ0YDJgST58egJ4cf7LfrW/4S+J0WpzLpuugWeoZ8sSkBY5G6bSCMo3sePp0rxK2X80HVw0uaPbqvVGyqOMuWorP8DpNe0ODWLXY4CzJny5MZx7H1BriUiv9M32jPhFPzWs6iWI/QHjHuMV6bJzn29qxdY06O+hzwsyj5H/AKH2rXLcwdF+yqfD+X/ACvQ9ouaO5w8lpptzy8Munyf3oQZoT9VJ3L+BP0qu3he/lt2azhF/AOTLYnzcfVfvL+IrXtj87Ruu10O1gexrrfDNhHFdTagYghRNoZSVJz64619JyJnDGtOO55VHocySMzWVzHIOMLG4IP0xT20XWXdXhsryUj0tpN38q9XuYPtMzSS3V8xbqPtsqj8AGAFVLmztYkjUrM8ksqxJ5l1MRyeSfn6BQx/Cs1q9zR1vI5bTrC/S0H2q0ntn25CTRlCR9D2qaO2KLi4i98//AFqmtZIbq7mubOVTZySkRjn5ADgjk+1aC2UTj5JHYs3BJ4Brirrlla510ajnG7Ru+E7OOGKaeNCol+c89Sen04Gfxrfc8+1RafAttYoqjGfmI/Dj9AKlbmvIryuy1vcgeoW61NJkYNQt1rhnudERRUiVGuTUq8DJoiEidKi1Gzi1LSb2xmbbFc28kLtjOAykZ/DOaep4p02TBKB1KMAPwrtoys00c81dHz9ofgCafxvZaNqUsctsJyLnymIZkUE9DyN2ByOgNev+JIz/AMINroggTbJItuiqg2xxZCjA7AAAD8K1wZ4YEnsI7SOaeSNAoiDOyZGdzHknGfarcsKSWC2GN63MbCQZxlSOSSOnBGPcivsZO0ueT0SPJS0sj5p/4Q/WrjxDHo9lbieWYb4JA4VHj5O4seBjBBHUEHivS/D3wQsoCk3iHUHu36m2syY4/oXPzN+AWux8SeFVlsbe80eARX9giiNYuC6rzgH+8OSD35HervhrxBHr1iWICXkXE0Y/9CHsfTseK5/rTnotDf2CUebc4T4iW9npr6Xo+n28VrZ28BkWCEbVDM2M47nC9Tyc1w0kaSEhpkhwjspdWIJAyF49TxnoO9dL45vFvPF166vlImEK89kAB/XNcndS8Iy4AzgZ711wXuowe4abpa63rFjppJ3XU6RkY/hJ+b9M103xG1gvFfPattaWUQxEfwqDjj/gK1Q8HahZadrs13d3MUMkFnM9skjY3ykBcAnuAxNZPiS6FxcRQjLhRuyoyMnjNZyV5pCPVvgzGbvwJMbmaWWZb50Du5YqAiYAz0HPSurmtbnTrr7RaMI5D1B/1cv1HrXOfBsqPBU6Dhlv5N34omP0r0FlWRCjqGU9QaT3HbQ+e/Gkq6Z8W9H1gRNAsskEsgY8grJtbnvwR+GK9sb5SR6HFeRfHeKO3n0eGONzNiSRZjwFBwAhPrkZ/CvVUeQwoZMeZtG/ByM4Gf1r5zO4pKnL1X3PQ68Pq38iG8k2xsfSuD8Yym98QpEmPKsraK2UDpuxub9Wx+Fdtet+4k/3TS634IS8JvNPKxXbgNLC33JGwMkH+E/ofaryS7536FYv4Uj5/wDFlwqX0NqcMlvGZZB7t0Gex6fnXO6fbz6vrMFnEX2PICVXoqg8nj2717l4l+H2k3vhlLm9he11UbQZoWwxJb7rjowA/EY61z2n6BZ6FA0dmhDsPnlc5d/qf6CvovaKKt1OAv6X4ilsXNreyHyj/q5GGSh9Ce4/lVPxvotj4l059U05A2qQIWk8rBFxGOoPqw7Hv09KilgNw4jKZZiFUdiTVnVwnhbw9NO8+3ePKiRHIaaTqBx0HGSfQV49elGjXjVpaTb279/6+fmd1GTqU3Gey6mj8NvEkmt+H3tLuUvd6eyx73OWeIj5Cc9xgqfoK6W+k2ISWwK4z4W6RcWekXWt3ZPm6iw2O4/gUn5gO5ZifwHvWxrl6ygiNWdugQHJ9z715lfDxqY6UKW1/wAev43OilUcaKlIoQuJdRmlA4d+K7yPFpoqIOGfk1xWipFPcRDcAM8gnBH1rotSvXkuBBbRyTbBjEa5H59K+jS5Y2XoeW3d3ZIJRms7UbgCWV+SLeLYoAyfMkHOPcRqf++6lS3vmHzxxQD1lk5/IVHead5Vl5rXJkkMxchEIUs5x19lCgfT3rKOm5T12KBC+QxbjJ2qe1XtBsg97FEHPHzN6Y//AFZ/KqtxjaI05UDscVu+EbVliuLk8jPlpkc+p/pXm1ql7yPShHlgonSt7VGT2px9ajYkDivJmy0iJ8H86jbg1I3rTCcHFczN0KvSnr1x1pgPHSnLwPrQhMlXrUoPvUKn24qQVvBmTGos0RgSPYYIpfM5JDAYPyjt34qezjK/vJFxKVCcnJCjoM/mfxpAeKlHBz2r1Fjas4cknoc3sop3RYB5rlfEHh+6t70a7oOUvEbfNCnHmerAdz6jv9a6hTkdKlU/hWtOdhXcXdHztqltJb3JlmPmRysSJhnDHqRz0PPSufu51uL9Vj/1duh3Y/vNgfpX0L4l8I2+swzyQRx+fKpEkbcLKP6N7/8A668V1rwTfaSZWsYJZYU/10GMyxd+R/EPcc/zr2cPiYy92ejOWrS05obHM6jZTXWGiCE7dvzHGOeaksraSzsUhKjcMkkNxkntUkLySgbJlx7rmrDBwhDSZPqABXbySOfnR7H8G02+E75y2S9+2R6YjSvRCwVSxIAAySe1eW/Be4kbTdYtjGPKSeOQS55LMpBU/goP4muj8c+Krfw7os88mDs+VVJ/1shHyxj19T6AGuDE1PZN9X0XdnRSXOjzf40Xt5q2s6Ro0JTy7n5kTIyzFtiZ/wBn5iR9T6V6shSKJYkIKooQEDGcDH9K8S+GGgXOu+IpvEupFpYrVyyu/SS4PTHsoOfrtr129uBBEWJx6V85msnzQw97uN7vzf8AlodmHjzXntf9CO9vYop4hIGaNXDShBkhARmuzjvYbm1N1byLJGwJDL6+nsfauZ0HSJJbOS/lO2WbiJW6bPU/X+Q96mstNNpqEhiZ4Y2XEkA+6Wzwf516+W0PY0td2c+Jqc07LZGX4suMvbWgPCAyv9TwP61gavoepadZpfTQeZZyIrl058rI6N6fy96u30hv9VuJgCVZ9qAc/KOB/jVue+kb/j4ldz/03mz/AOOiutyV7nMc3o4jkuPOVXcKPl2oT8x4/Tms3xV4Q1rxXqtmqLDa6VbDBaST53LY3sFAOOAFGfTPeuy+1TPygcj1VNo/Nqa8zq0YlyTI4RRy/PXnHAGAeax9mvaqt1SsvI09o1DkWxKbd0gSCN4II41EcaJk7EAwAPwqn/wj+lmcXM8bzTAYDyOQAPbJx+lR2esfb2kFkFliRsCZQdrjHDKPz4PIx9Kna1u7lR5rk4GDtH6gDNFKhTpfArBOpOekmSNcWFqwKRwF84BC72/PpUc2qykAIjAHpubA/IViSIkOr3N3LJc3chcqsaxkKgCgBe/I554+8atJLeuN0dtDAD0Lct/WtJMlRL0S3U/KhsHqUTaB+P8A9eor6H5I4xtLoS7OH3ZzwBkHjof0rL1BrryXM9+wAeOIED+I8kDOexQfVq2dNsbifTy6MJJG++jfeA6A89a5qzcY37m9KzkvIz/LlBMmWdcZKE/N+B/x/Ou/sbb7Fp8FueGVfm/3jya5vTNPMuowxSxMAreY4b+6v+JwK61znPevKrS0sdt7siJwKjb07U9vfpTDwDivPkaIjbnnNRseaeSecUzP5VgzVCrTlNMB9qeB3oQMkjqXv1qEN7VIvNaxfQzkSocVKOtQ5z2qVT+VdUGYyRMp6VIDzUINMur2206ymvLyZILWBDJLI54VR1P+etdkH0MpIug81Beafb36YmBDj7siHDD8a5Xwv47j8Sak9sthLbAgtEsnL7B/Ew6D6ds12QPFdUezIlFxZ534k+GdhqbvcHdbXJOftVuowx/206H69fevLte8JeINADNNb/arMZxc2oLqAP7wxuX8Rj3r6XB71Un0+KcNsLQse6f4V2UcTUp6J3XYwnTjLVnknwYv1jh8QfNu2pBIADnJy6/4Vxfi28vfHPj+PR7GTzI4pTbw91DdZZT7cHn0UV6b428nwRoWpanDDapfXqiCKWFdrSOT8u4f7PLZ9utc38JPDgsdNk165X9/eAx2+7qsIPLfViPyA9azxOLUObEtbaJf3n/wP1KhTbSprrq/Q77TdOtNB0a306zXbb2ybVJ6sepY+5OSfrUWn2/9sayqSLm3h/eSDsR2X8T/AFpmqXgRCoYe59K1/DMUFnpxlknjFxcsHcF+VA4Vfy5Pua8fL6HtKntKnqdlWXJCyOizWTrVy1vZ3EqnDBdi/U8f1q+LiE9JoyfQOK5zxNcfJBbg8sTI38h/WvpE9LnnSOei2g4IyAKf5wBxCgJ/2Fz/ACq9b3nhbT7VJtTu43uiMtGNzleeBtUdaiufHmhSabqIsbSYQ2tv500jQrGpTPQDOST05FZTfLFyKjTbZlS63CmoJYNcwLeMcCBpV35xnlRkjjnnFWxOn3nctjqyrgA/Vs/oK87+GmmTalfan4gmjzJI7Rx5yBuY7nIPsCo/E16bbeGLvXogU1X7LbJIUkkSISSNjGVTd8o9yQ30rirYif1j2FPpuzenRgqftJmFrOsXOnzomm/ZltpG8uGSdD5jHGSAhOB36D64qvYpqmtXkMV5qFzJG7DKK+1MfRcCvUNF8LaRoMhntLYveMMPeXDGWdx6bz0HsuB7UP4dsV1Fb22QQSjO5VHyNnvjsfpXXGqlozCUL6xRzWopFCVtoVVIolAwOKzi0ahnLLsUEt+HWuj1Tw5ftYTPY3FrJfk7lW4VljPPTIOR7V5xNd+JbLUJLXUkjs3UHbHHCBn0IJJ3D3FKUoyd7jhTk9i2ly00iwyRyKxUyliuFLOx4B9RwPwrZ0+6NpceYuWVeCpOMj0rlfML2qW7SBHUg+Zyu5vfHAOT171f0STUI9ZhtJF83d0EgwVOOCCOvOK56759U9jrpU+SL5j0fSlEpuL3BHnMEQN1Crx/6Fmrr0RRrBDHCv3UUKD6470j15FWV7s0ihhqNvQfnUh/IVExGelccjWJEetNJxxilNMJ9eaxZshVPNSD061ECPxp6n1pJg0SDnipFyOtMXHXvThWqM2TKe1PHoahU9abcXVvZW0t1dTJDbwrvkkc4Cj1NdEHfRGUixLcwWdtLc3MqQwRKXklkOFRR1JNeU6/rOo+O9Uh0zTY3jsvMBgicYaUj/lrJ6AdQp6dT82AF8Ra9deJJ1Xy5IdPRwYLZh80jDpJIP7391f4ep+bp3PhPw6uh2XmzKDfTgGVj/AOyD+vv9K9GK9lG73Eo8q5pfIveGvDlp4csfKh/eXMmDPcEcufQeijsPx61u5NR5AxS5pqZhK7d2Sin9OlRg4py/NgDua6IyM2jwv4w3M3iLx/o/ha3chI1QPjtJKeSf8AdQZ/E132yOztEht1CQwoEjXsqgYA/IV554X3eJvix4h8RMMxWssiQ98FiY0/JFY/jXc3srTTR2dsN8juEAzjLHoOa4szk51YUI/ZV36vX/I3wsbRc31/QNI05Ne1iW3uDIbeGPzJTGxU5Jwi5HqQx+i+9dM/haMqBHql+gHQOIpB+qZ/WrGgaQujaeY2ZXuJn8yeQdC2MAD2AAA/E961N3Wu6lCMIKNjCcnKVznF8ONZ38F5JqTzhCQsJtkQE465HPHWsS5Latr/AJKHhpREpHYDgn+ZrVvPFmnz32sWEE6/bNJwssRPJLKCGHqASFPoRVLwfEJL+S5bkQpgE92bj+WfzrsVoQ2sc7vKRM3w20NmaS8vNTuF5Zt9yIlx1J/dqv8AOvKPG7ae+jpaaBpSWFnfpFOszXDM1yoJyGJznBAGM8EH1Fe86hcotnNvxs2EMCMjB4rm08LaZEpis5jBZud72RjWWMH/AGQ+dtXQtLfoVNtdThPCVrZnR9O0q1S5uLoRAyQRRu48w8seTsAyTyeK9P0O3uNG097e5fMaEsiqpJj5+cepXPQgdzTbFLfSlaO0uNOgRjllFoI8/UqRV+GRZHkaS9jO/B2wZAyBjPzE8ewGD1op4OlGUpXbcu7HOvOSUeiLSzK4DA5B6Gl8zIqrKVyPL27z97BOM1XW5kWcRTKo3Z2kZGcdsH2rCrh5wu90OM0zQMlU9QsLPVLb7PewLNH1XPBU+qnqDUoajNcUpGyPPtR8F3mnXaz2U3n2ikscqC6j0I7j3H5Vs+GtNAP2pxkKSE9M+1dQT/8AWpjNxWFSq7am6k2rCNzTG5NLmmk4FcUncpIYxweaiPWnv0qM8DJrmkzWIwj9aiY4p7HpSHH8VYs2QwH9KkU5/CoQwFSp0pJjkiZDT+SajU4Geabc3UFlbSXVzKsUEYy7t2/xPYAck1tHXQxlpqPuLmCztpLi5lWKGJdzu3QD/Pbqa8/1rUrrW7hJLhGgtI33W1o3XI/5aSD+/wCg6L/vcjeaK61+5jnnRoYo33W9seqf7b/7Z/8AHRwOcmo4LCLWNXEUCD+zbX/XT97mTphf9kcj35Ppn2KNGOHjzVPi/Jf1/W5kmm9RfCWgqJRqtymef9HU/wDof+H5+ldqufwqBcKAAMADAA6AVKrcCub2rnK7FNt6kytTwTUA4OakDc1rGRk0S554rl/iRrNxoXw/1a8tJjFcmNYIXUcq0jBcj0OC3PaunB5qnc2015dwBboQ20LeZPHs3GYEEBc/w84ORzkV3YWPPVSMKjtFnmvg2xGleDNPigga1NxCs8zBfMZ3YdSeMcYwMcCtTQrSG+8Z2D7nnSzSW7WTqgcL5YXtz+9J6dq9BmsbbDvLbROcZxuIP4n+tc3YW9rpl5dyxNOZXIj/ANIbc6qP4c9+ec854qZYGrRquvOSd2/x/ruaqvGdP2cUdR5gC4phuAvIwSOcE4BrHe/3Dg00XLN0o5yeU+Ytb+3w+Ir8aojxak8rtOj/AHg7tuOMdR6EcEYIr2/4UaXe6R4Rd71Z45ry4MyxTZBSMAKvB6Z5P5V2EaBpvN2KJMBTIFG7A7Z61z2oap4p09mmuLTwzBbNL5cUt3qkke8nO0HK43EDp9a7Z4h1o8iVjFQUHdnVmL7SjIwyrcEe1ZJ8LNFcyTQaxrEMbrgW6XI8tD6qCpIP449q5PxP8QPE/gxbD7boOjztfOyQraXsshJG32HXcMV015ZeLbiM3z+LdP0aPyVkmtDp0c6W5CDePNZwWAIJyazUZQSbdr/10BzT6CReHplURvruuzY6u97gt/3yoH6VW1G0sdLktFu/FuqaaZnYRCTUAizEAZUl1I7jjI61Y0bSNenvrHU7jxrDqumrvYQ2lhHEk+5CoJdHOQCc49RWx4g8O2XiLRbjStShJgnUgMV+aN/4XU9iD/h0NS6jUtZf18x2utihb+GJvtfnya/rcqSKAImux5fb5hhc8/XFYHgjxF4V1XVLmw0ifUZtRh3l5b8vM7oGwWEhJG3pgcduKqrp9z8Mvha9hBdXF9rd632a2RHZl+0SAgLCp6BRlunJGT1AHI+EdLvvB+i+I2Pi9dFutLmxqNsmmw3DSYH7sq7kEhs4A4GSfXNaKPPCV5en9akuVmtD3TAAxxxSCvKvhHrvjbxE93e6vcpcaMWbEs6YkMp5xFtA+UdweB0FerEge1cNeDpScWzeD5ldDW7Coz6U896iY159SRvFB14prUoPWkYjHvWLehoiJzjrTD0FObnmmE8c1zyNERMc00mlJyaaayZskMUc1KpzUakY64p6frSQ5EjSLHGWbIAHYZP0AHU+1YOo6fqV/qtubuILBH80VsrZEbf3pCOC/wBM7egySTW4VBZWJOVORz0PrUiiR2EcIBkPTd91R3ZvYdf0713YWrySXJG8nt/X6nNUXVvRGLfeaduiac5E8i/6Vcf88kPYehI/Ie5Fblnaw2NpHbQLtiQYHv71XstPg08TeTJJK8rl5JpfvOT1Pt9Kug5/xq61XmfKnfz7vv8A5eQktLki808Z/CmKQBTs1MWSyUNxilGQajHXOacGzjvW6Zm0Tbhj3qpNHdPf2UlupeMTBLhVIHyHkN9Ac8e9WAagkuXtZBKpOzo+BnA9a7sHVUKqctjGrFuOhqPGH2sxbK8HnAOP51y2rWn2e9M4ddsgwy55yCSD+R/TvXR29wl2u6KRZBj+Fs1la8sSQBpmRBuGC3XPoPU17mIgqlNo5Kb5ZIyYV3sK0oIc44plpbcAsK0402jivBWmp3SYkMAxyK4b4xWNte+B4obrU7XTYzfxHzrlJGUkJJ8oCKxz36Y4Negr7VzXjvwhH428Px6XJftZLHcLcmRYg+dqsMYJGB82c57VvRqKM027IxqJuLPELa68PW1rDA0vgScxoqGWWx1Iu+BjcxCgZPU4FVtZvdDk0a7S3HgrzjEQn2Oz1BZs/wCwXG0H68Vqx+IvEa65BpPhrxFr1z4esfLtZL6O3Mi/KMMUCIcDAwoOT0JNbPiTxHpIg/snVfFvjVYb5Cr/AGqxREVM4yylVZl6/d9DXq8zTX9foctjT+AttbTeC9YEkKMZr0xS5H34/KGFPt8zfma0YPBs/gfxLea/ba1fReF7OxlujZNdMf3oBAiIJ+Ze4J5zgc9TveAPCNn4Q0WaGx1KS/t7yRblJHjCcFABjB6EYNcN8dPGAis4fCdnJmabbNe7edqjmOP6k4Y/RfWuGM5VcRKMHozZpRpps7XQbvTz4Q0Pxfr90qzwaYifa7p+Itww7KP774AJGWPAHv5zq+laj8R9VvvENroN1DoEarIEQCO51RkXapGfbjIyAM4DNwdbxPp2nweB9PsNL1K0vPFGmLbRRwC/jeSB0x5gSIthSCOeMnvmuss7Dxpqek6VdN4oGmTTWkXnQT6RHKwl2/MSxI6nnGOKnnVO9RPfTW+i9F+YWctDnPCnxh8Lx6dDpmpWcmgyWqCIRLG0kK44wMDcD67h+Jr0XS9Wstb09L/TpjPaSEhJdjIHwcEgMASMgjPtXhHgW0j+I3iHU7XxV/prwwmdbpVEc5bzFXBdeq4J4IOO2K9MXxemm3s1mI7KO1guJLC00+FSsq+XJDErPIW2IhMoOCvC4IJrHF0Y8/LBPm666f5/eXSm7a7HY3dwLa0mnMbyCJC+yMZZsDOB71h2XivTr/UbOyiWcSXas0RZQAQucn8hmspPiTYsiyixm2MREP38efN2hsYz/q8H/W/dqjZ+O3SWTz9JtX2KREtjKhYFWuRjn7yhbc/MMDnpg8cf1afK3KOvqb+0V9GJc+I9Vi0O+vxqMSSNeyRRRmOPEapOYgoBOSSq5OQeScY4xPDr+pyfEfUNMN1mxiVQkPkghc+RyMfN/G3JJxuz2q7oviHTPEGoJpMWkFbYgXKtIiGPcSsqPtxwWDhweuSc881zln48b7RHfy6XYi48qd9RmhTbI8YiaWAIxPVkhOc5Hydqag3zLk6Pt12/L8fMV1dal/X/ABJqVlreq20F2sUUFqdqlIz5ZCqwkyTnLeaFGQcmPhWzg6F1rlxB4ut7NpreKye2VXM5Kos8kgMaudoKuY1kwvAzjPUVY1G+gsbK11H7Jp8VxJqFvDcMxR/KZ3COS64+dR3PSsm58b6aFuEXThNbh3cOJYyrBJNryuoyVG4BgcEkfNwAcYcvOlywv06bml7P4jB0jxnrl/4mtdPlkt1jll2FCgRmTLHcOO4U89CMDqc16Qetcfb65pGsanaRx+Ho5pGunjgmlSIbQmSzgkZyPLztH+zz6dfnnmuXGtcytDl020OnDp2etxFx0p4Ptjiol+vNSg5ya4kdDQ8HP1qVZGWJo14ViCx7nHQfSoR1zTgcmtIya2M2rkoOcVKvpioR655qQHnFXFmckSU8ciowQTS55xWyZm0Sg8Uobtiow3vSg4rRSJsS5wMU0jPajORWH4m8X6P4RtYZ9XmlQTsyxLFCXLEYJ9h1HUiuileUuWKuzOVkrsuXWiafemUy2+15F2tLA7ROR6bkIP61Hb+HdLtZ1njs1aZfuySu0jL9CxNcSPjp4SMoQ2+rhSeZPs8eB+HmZr0WzvLfULC3vrR/NtrmNZYn2kblYZBweR9K7JqrSjaaaRlFxk9CZFA4/SphwOmaoW2qWVzcXcMUpaS0nFtP8jYWQgELnGOhHtk4qTUdRs9IsJb7ULmO2tYsb5ZeAuSAP1IrK72K0LoOK5XxVaDULd4dc1mDSPD7YEqLOI5bsf3WkbARD02qCW9R0qhqnxa8G6XNbxnVftfnNhms4zIIh/eY8cewyfatHSdc8GeIL/ztNutJu71UMm4xATKo6n51BGK0jCpT99xdvQiTjLRM87vDMdZt7j4R2eqQn5UuZIoimnTKowCfN4ZvVj16jkk1g6fqMvhLxfLrXxH0HV77VC+YLp2V4kI6FAcKxHbDYHYAjNexP8RfCY1k6XJr9mJlj3mVpR5Ix/D5mdu72/rxTND8e+GPFMcsFrqNuCZjALW8KI03PBVGPzBu3fsQDXUq84x96m7d+v3mXJFvSWpjab8ZvDesavZafZWuqvc3k6QpvhRVUsQMsd549cZqrc/CKzn8f2/iP+0pbi2Nybm5trn5nZx8yhWHVd2OCOAOprS8R6d4M8HwxeKbnw/FHLa3CbHsYwjK7ZAbaGVT361jaH4j1LVPjRc2kGrXg0RrBLyK0kGFIaCMgbW+7y+7j+tZwejnQvFWd7/15lPe09Wd7q/hrQ9ciePU9IsrkPnLvCofnqQ4wwPuDXmWr+CfFHgV31PwHqt3PYod8umSHzCo6nCniQfgGHv1rsviH4ktdF8L6nDHq8Nlq7WvmW0fnBJj8wAKjr2Yfga5jwB49ceFo5ddutY1C7kmcrIli8wRAcAb1HJyCeTnkVFL20aftFrG+z1uVLkcuXbzOb+BNrdtrurai1tILU23ledtITzDIrbQfXAJx2rvU8aWk/xNuvCL6ArzMPLa9Uo3mIIw/wA6lc7ccYyfpV+68Z2WneC5PEkumX8VosrKLfyAknLlQzKcBQx5zz94dSa8X1bWdR1D4nXd/olnNJf6rYRC3ihcl4jNapkhhjlQTzxjGeMVpGLxVWc5xto7a7NWJbVOKSZ7Pe+IhbXs8A8F69ceWDbedBYRMkkYOMKS3KHsOntWfN4ltLyF7ceCvEPzRmM/Z7WJJFQ9QGSQMoPfBHWqtr411TQ9XtfC+r6dc61rC2aTtPYBMuxBJBU4B2jjcDzjOOaxPAFtceB9Dna78G69LqMxZ7m4SCPaEHRFJbO3AyeOp9hXN7JRi21rpbXfz3Vi+a7t+h2Om65Jc6tY2tv4O1XT4Shiku7y2SJYY0QlFBBJIyAAMgDNUPEvigaD4n0TRE0W1u4tUxGrFghjYvs6bSCMN+pFL4A8eN43gu9+mG0mtdu91kDRtuzjGeQeD6jjr2rhfGOtT674w8I6hpIt2ZruRNPMpOyXbOEVmxyAzKenQYrOnh28Q4Tjayd9etm1rcuU7U7xZ7JJBbyRtE8ELRu25laNSpPqQRjNclZ+K9G1Txlc+HI9MKyxRea81xbqm90xgBSMnCkkMcdOBjmqWgXfibxhZTaoup32gxiUxC2FnDNGWUYYozDdjcDnPQ5AJxxJJ4R1K71mHUW8ZzPqNkhiWVdPt98auPusB1BByAfUkVyKlTpuUK01e3no/krP7zdzcrOC/I677PAshkWCIOWLlggBLEYJz6470H86wI9A1z7VbS3fi2+ubeKVJWiFnFEJNpztZk5we4roOB1NcFSMU9JX+/8AVI66bb6WGAA9acrdsYpgP0p3esjVomz2pw7YqFTjnj6VKCOlUjNokHpUin9ai+lPBzWiZm0Sg804mos5pyk960TIaJKAePpTQaAeM1VybEo6Yry3426xf2vhtdLGkB9Pu3jLagzgiORSW2Ko5DYX7x6gkDvXqCnjFYXi/wANp4s0i302aYRwC8inm4JLRru3KPQkHrXbg6sKdWM57IxrQcoNI+etb1nUDpXhO2vPDlvaw2EPmW5eEgXyFgdzeoO3t13E9xXrHjjxd4mPgrS4rTQrjTtU1uSS1eAjfJGMDhAMEFg3GRkAH2NdV4i8K2/iLVPD95I6xjSbzz9m3hkwDsH/AAJE/DNdE2GZWYAsrblJGSD0yPQ8n867qmPpSUJcm13/AF+ZzxoSV1c8q8GaloOreF7rXtdluI7/AE22+y6vGLhk+0Ko2xSSICC7hTtVjzuB74rPvNN1e1+Dfia2vG8zR0lhn0WSSdZZGtzKpBJXoMFSAcEEtwK29c+C+ka14kuNUGp3VrDdSGWe2jjVsuxyxVieATzgg4rrtX8M21/4NPhq2b7PZ+XDAp5YiNHRiPckKRn1OauWKpRknF3u03fpbt/WwlSm001/wTw2DWLvQvEWpRXVl4Ysbq30dYfKlst6O6orADH/AC2OcEtxkYOcCu8+BtxJP4Vv4riTTDZwyGMxLCBPgjcWlP8AEhBIGc9CM4GK6E/DDw5ceI9Y1G8tFnttSVGMDOxZJN5eRg2cjcQvQ/3h0OKn8FeANL8G28c0K+ZqhtzBcXQZgJAX3cKTgdFH/AfrV18ZRqUXFb6dCYUZqV+h5RYyeFr/AFDxd4t/srTotN0+IRadYSAhZJnyI2aMdc7WJAIx+GRr/CCC3uJrRoPBgmRC73Ot3LAiKQZKiIFcDHAwOcnOeK6y5+E2g6jq2v318m46k4e28olDakjLMAOCxfJ5yMD3NS+Gvh/qGj3WlG/8UXF9Z6SXaytI7cQqrMCCWOSW4Y8e+M4yKdTGUZ05RUtdN79vLfXvb5hGjNSTaIPixok2v2+gadbXN0s13qK2/kJLiIptLPIy45KAZz2BNcV/Y0Gn/F/XbR9a8RLbWOniVry2uc3ZQRxHBYLyoB6Y6AelehfEXVde0W30y68P6Zb3l3LM9qsjxNLJCzgEbFBx8205J/uj1rznwzpOo3vxhvLfxYltf6slmZ3WUgxeaIkaMMFAUhQVBABHHfFGFlJUG29En67hVS5/M6DVb/QD8PdR0rSrfXNRurmN3hub3TpJJZGdgxJk2D35rO8A+PrLwbpFp4f1qx1G2kkeSYSCFsgs2ANhwSDt6jPJxiuluvGfiuy1uPR7i/8ABsd9IwXy2muwAxOACcYBJ7VwvxCPiT/hY/h99WGkjUdsItxavKYuJ227y3zD5s5x296KcVVXsqi0eu+v5Cb5XzL0PWbbxJYeJ76bRf7L1CS0ltJGuJby2eGMjIXyxuGSSGJzxjHGe3mPg3Q00H46z6Xb3Elzb2UUwWST7wQxcA/TcF/Dt0r1GxuPFNte3N74outFh0qC2dmSxaViGBBLsZB0ChhgHvXlmhaF4g1yy8Q+PNNuryx1O4neXT44jzOm4l0Ix8w6ADuUrnw7UY1IppRaS3urv+tTSd24u2p08/P7Q9sAOTpZwP8Atk1XPD7/ANp+IPHurq5a23/YYeTt/dREOQOn90/jWJ4kkbwhbW3ivW78y+M5bM2sMEGxYgSpXeVA52A8kYBbAAxSWk+t+AvAWl3H2CK90i5ti+oquVuIJJiTvz0I2Mi8g8rzjNKUOemuV6tKK87O7t+CQJ2bv6mP8G7R9S0XxZpyXMlsbmKCPzowCyBhKCRn24/Gma5oZ8L+LvAOj/ahcrbXKlJfL2Ha11uwRk8gk12Pwv0bQLDTrvUNA1We+iuxGsqToqPCy5O1gOh5PsexNYXxJb/i6Hg72khP/kxV/WHPHTjH4Xd2t1Ubeo/ZpUYt7/8ABH+JLxdP+OGktLeNaWYto5JiJTGm1RIxDY425HI71oKuqwWM2qwXl2i3ky6dE8tti6vYvMPkOm8qEkxI6b3GNqhsZxWf4mZJfjxoka3HlsLUI7xuA0TES45OQGwQRn1FdJdeELDz7ZrC4FuGJ+2ym6LTSkfPHLuJO6VJVUgnszDocVy1KkIwpc3WK6X2b/r+rmkYycpW7nn+o3d5F8Z9OiL3dl50tmk8Auy5PyICGZThs4GfXNeysc9eteL+KZAPjrp7hlb/AEux5BBHRPSvaSATXPmnwUX3ijowW8/UYemfT0qG2vPtMmwQzx/Ju3OuO+MfWpQSqkgbuOg71Ql1aRbd5E067dwqtsK46544B5GP1FeZCLlsjtm7bjNL+2sss9zdPK6sU+znbwM4GeOD/MVordyhgBayHJOTuGBWWNYnFpeXJ0e4DwuiBMHMoJAyPl7A5oudfntwMaLdy/vUjwB2I5boeAeDmu2pzVajlyL0Vl27NdzmilCNuZmzHcyO6q1s6ZbGc549a5P4h+JNS8PJpR0+7jtEnklEkr25mHyqCAQAeua6y4m+zbSLeWbLbf3agke5qBruOcxeZp87negAaIHZuzz7YxzRhKlOFaNScLx1uu+jXUmrGbg1B6nNeDPF2q69pmoy3K200lskTROlvJCrM27cp65xgcr610kmqXihxHDbFvm8vLSAHptz8vfnPpxVeHxBdzalb2p0e7EUkhjack7YwOjHK9DS/wDCQXX2+G2OkXgEk5iaTDbVHGGPy9Of0rSqlKo5RppLe11ov6REb8tpS19DXjvYXZU3MHJxgxsOfyqvq2oCwW2ZneKB5Cs0iR7yg2kjj3OBUtxefZQB5U0mVZsRjPQZx9T2rPudduIZJR/Y9w0SCMpIejswBK4CkgjPJ6cdqzw/xqXLdLpdajqq8XG9rluO+1CSyhmS0A3HLeb8p28c46jv+VKdQvC22KCJmIO0bjyfT8qgv9ZnsriaOPTZbhY0Vw0Zb5skZ/hxx1OCTjtRqOuz2JkEemz3ISBZvkJySWAKj5TyAc/hW1+eV1Ba7a/1+hko8sbOTdjWeSZbR3RAZhEWC9iwXIH51yFr4o8TSSRGfw88SsE3L9nlJyeoznHArVu/EF1atEsejXc5e3Wb5M8MRnZnb1p8/iC7iitWj0W7lM9sZiFJHlt/cPy9adJOK1infz/4I5a7MpTa74hELvBpauU+Zg9tIDt4HAz8x5zgelNuNc8S21wEGnQzRFwPOSymwFLMASNxOflBx71fk8QXKR2L/wBkXTpco7yYJzDtzgEbepxx0qQ67dmCwli0e5f7V5nmDcR5G3P3vl74/wD11om/5F9/9dmE2pO6djS06a4uNOt57pAk0iBmQRsm3I6YJJFWc5rOtNSmudI+23FhPbyjfm2bl/lJHHA64yPrQuq8uPsN58pOP3ed3GeMfl9a52m5OyKVrGkelIDg1h3Gv3MM04/sa7MMcMciyMSNxf8AhwFOCOc9elMHiC7Npfz/ANiXf+iyBI05zONxG5fl9Bnv1FP2U9/1QuZG+WODgkCvI7GUJ+0rqGTwYCPytk/wr0W61i5t4YJU0e9lEhG/p+7Bxzxknr6CpzpGmR6o+pjTrQX5yDdCFfNPG373Xpx9K0pVfYqTkviTX5Ezhz2t0Z4de+BPFrXl1aXUcaaehDXWoXE4jhcKWIlaRstkliTgdxVre/j74q6MdPke6sdHit0uL3aQsgiO5n55G5sgZ5PFen+IPB1j4nvYpNVu7+a0iUbbCOby4S395sDJP4jFa+m6bY6NYrZ6bZw2sC8+XEuAT6nuT7nJrqlma5LvWVraKyV/zf4GSwz5vIj1vR7XxBY/Yr5p/srSB5YopNgmAOdrkDJXPOAR0FXo444YUiijSOKNQqIi4VVHAAA6AelBJPNNZsV5DqPl5eh2KCvc8z8WfCw674tttYh1CSW3mnQ3sFzIWKR5+by29McBe3bjp6TNHHPFJDNEjwyKVeNhlSp4KkemOKUEk560E1VXE1KsYxm/h2CFGMG2upxfgn4f2/hC81C7W5eWW4d0iUMdkcG7Kgj+J8Yye3QdydPWvCGla7rVhqt59o+1WO3yfLlCr8r7xkYOea3iSKac9ameLrSqOq5e8VGjBR5baGPqvhfQtbvorzUtMgubiJSiu4PKnscEbsds9MnFVG8DeFf+hf0//v2f8a6Bic9KawPWs1iKqXKpuy82aexg3do5Rfh34YTVodSg09oLiGRJIxDKVQMuCDt+o5rp/X607PHpTQM1FStUq255N27mkKcYX5VYiGSrdScdB1rGlF66WqrDqIwzbyZ0B/1eOccdT+YBrYx8jYGeDWcI2C4FuQfUWyf41VGSV2OorszILDUg0j+XrWYVjEaveBvMJQhucdv1ODV+10m6awWS4k1aCWMsBG1zkyhQVGT056/Xmt2S3FuqvBbyHB+7HGCT9KpL9smAtnWZIzhcSWw2qPQjPavQqpxbi5K+mydvRt/8H5HJF31S0KFrZTxG23HVW8t0IElwhzjA+b1BBzj2qvaaVfyXKpdf2zbQ+W/7xr0H5t2QMAZ+ntxXSvZQQ2x2Wym4TBWVY14PXIGf51TnuLyaExSmVlP3la3T+WaU/wB1dSav5f8AD/owj79mlp/X9dDLk0qdJ32XWtSqWbBW6XHJB4HX1FQ3NtqFq7PbxazOwU4U3i4y0mSORjgcj2OK044hC8b/AGcMVP8AzxVTx34zipHlmuI180GXcNzILZDg+/PXip9pyq7af9ddV+RUqfYijk1Cxee1t7C6uo2lkKzPcgn7ueOOBngVZkt7mTSSkk96JZlVWWKZQ8RO3OG46Y/n60+BD9mcIPJuM/JI1svAI5G3dg9PXvVeeaKMRWsk1vLKhJISGIBmJOMJv4Pb3o5F7NVLq9/6vqRf3uUrmwuvJYBtXdluPtYzdLlmCcRZX+Ent680/S7C7lS9huZ9Tt0KRxRs90GPHJZe6nsc+taWnxtGkjr5Ubldo3QLGeeSeG5/GpdQSSRwqRiVM8pFAJBn15Na6ex5+ZXb/pkW9+1jMjsZ4rp2A1eckyKM3QxhuMgZ7YyPTNSWv2+xvNn2C+kjfykMlxd52r/E2D3GTn1xVqIGEf8AHoQwC7SbYAqN3IADD1qrrepzq5b+zrm6RAu1I7cPycnjPp9e9VGnz0+a6bfT+mhP3XtoXJRNFdKyS3kys2TslTavzeh7AH8hWR5OtXDG5fS9Yjfcp8tbsYyrhBxjoV+cjvWrBageU8tkfL7q1qi8HGed3HP8qmkuJIw6wQzRuT80iRAhh9M81ShGir1Wr9Or/B2/Um/O/cGw2dxaWaWA+3MiEKLuSUbyM5ySfy6dBSPaT3FoqPNeRMMP8lwhbcCfl985/QU5kurobpZ9wkUK3mwJzhsYOW/H6Go2hWCR1S3VnXlJUt1wDnjvzUNRgubTXVN7/g/zHq9OxWOgXEtnHA17rMPkRuBL9oXc+45wx9R2PpSXGlObiOcXepllWHKR3S7SU7HJ5z/Ee9aNnHKU3h0iwcFWtlQuBgdQfTjr2qO4gtoWMS2EEjE5EkcOQBnp978K1klyKSkku7vf7lfQS+JqzZSbQZLi4lH2/V4FkaV/MjuVIG8fdA9sDHoTWndRTGOOOI3G0AAyLKiMSARzkn2P1pTqEkP7xLORU24ASDkHpnOT9KqTT3ckASZ3kikG8p9lXCk/3uRzVVZ0IxW0vlL/AOSX5ByVG77L+vIZNoiX6RrNrGoW3lMcFJVJfcuDnae3P4nNLNokE0sZGt6ihCRptVgFOw9SN3U45p8Taa7CM6X5p25JRF7deAT3/nUssdorwxRLDbzNwu9kBwfRC2fXoKI2lG8FF26e9+rRMlJPW6+7/JkUWl+VdNctqNw582SQRGbKfNn5ccfL0x6VNJaGeZWF3PHnqkbDAwOv45/QVn2iEwrNLYEDcwETWyKTjIz94HHAP4irW+ezmL2UbQsF2tJBbZU89iT0rKXLG0qkI9re89O/xW/G5fLJq0ZP8P8AL9CG9037RcQhrq+UKsilo5ggG4YyRkZxjI+tSXKuVSGI3BC7T5kUqgnA+6STk+9K0puZi+pW8szsAFklhVNnY5yfp+VEC2kmyWBYmKglYgqEjDcHAOfTp6dqzVJVItppJO/2rpa+v6vzLTcd7v7t/wCvkZsumzNdpcPJqgxJG+z7QoQ7PUZ5B7jvUS6ZMlw0om1Ny4kURG4QgbyeRz2zx6VsNctMAtxp1xKpbLKIsBv1NOto7IOA2m+XIrACRyE25z6/55FDhFy5YVFb0f8AX4jUny3lHX1Rhro8ypcI02r4m2fM9wuY9pz8p7Z7+tImmSpI7faNUO+N4sNdIQN38Q56jsa6Fp45YpEMPyRM8bBgAJRwQV55Xk8jrz0qhvsdp26PKPoF4/DNFakoSt7Va90/TomOE2435X+H62KdpoxjeKX7dqDBH3YlnDA7V746g+nr6YrTzxU9sM2rFAyKEJKFQCCc5PHrVY89K5cbBR5GmnddL/r/AMA3oO7aasRkbhg8g9RUZt7ccCGLp/dFSDo1A/pXCm0dViYXMwJxIQx5JAHNON5cSFQ8zNtYOMgHBHQ/WoP4j9KE++a2+tV/5397M/Y019lfcTyTPMQZTvOMDcoPFQyQwyy+ZJFG7+rKCaX+P8Kcv3xSlXqz0lJv1bBU4LZDEtrdHDJDGjDkMqgH86DDCQUaNWBwSGGc1J3Wmj79Tzyta4vZxvewiWttg4t4h/wAVQbwzocl6t6+l2zXKuJFkKnIYHII5455rUPUfWmjr+NVGtUj8MmvmJwi90NNratkG2i5OT8g607yIPJaJoozGxBZNowxHTIp/wDGaRvv/jSVSad0w5IvRobHaWsUPkx20KRZ3bFQAZ9cU4W9v837iL5uvy9aefu0h+9Q6km7ti5UTee5Xy85X+7ioRbWoGBbxY/3RS9xSnoKqVapJ3lJv5kqnCOiViL7FZPMkrWdu0iA7GaIEryDx6cgflUjwW8khleGNnPViuTTh0oP3abqzaSbdkHJG97AqRKqqsMW1TlAY1O0+oyOKY9rbs5keGNmJyWK5JNSD7ooP3R9aHWqSSTk9PMShFPRDlfbb+QuBCM4QAY561X+x2hRl+zQ7WBBGypV6fjR2H1pOrN2u2NQitkQwWltaXH2iCFEmHG8dR09foKS5srW7vlv7iCOW7XbtldcsNvT8smph0NKfu1p9ar787+9hKnGXxK4SOZmRpG3Mgwp6ECjcRFLED8kw2yr13jGMH14plKe/wBKX1uvb4397EqFJO6ir+gy6Vb4bbkLMoUrhgMAHqKzrLQdJ0u6NzYadb287RmIyInJQ4yvPbgVpL3+lNbr+FL6zX35397LVKF72Q+OVoyTEQrHOSFAJz15plx/pAxMA4HTIFNi+9Tn+9UvEVmrObt6sr2cFLRDMgReVx5YXZt2jp6fSoBa22APs8WB/sCpe1O71DqTlu2WoRWyHRYgVhFhMjB2qP8APc0znnFKKG/rSlOUkuZ3sCSWx//Z', '夏洛特烦恼', 2015, '2015-09-30', '中国大陆', '汉语普通话', 104, 7.8, NULL, 'Goodbye Mr. Loser', 'tt5061814', NULL, '在学生时代的初恋秋雅（王智饰）的婚礼上，毕业后吃软饭靠老婆养的夏洛（沈腾饰）假充大款，出尽其丑，中间还被老婆马冬梅（马丽饰）戳穿暴捶。混乱之中，夏洛意外穿越时空，回到了1997年的学生时代的课堂里。他懵懵懂懂，以为是场真实感极强的梦，于是痛揍王老师，强吻秋雅，还尝试跳楼让自己醒来。当受伤的他从病床上苏醒时，他意识到自己真的穿越了时空。既然有机会重新来过，那不如好好折腾一回。他勇敢追求秋雅、奚落优等生袁华（尹正饰）、拒绝马冬梅的死缠烂打。后来夏洛凭借“创作”朴树、窦唯等人的成名曲而进入娱乐圈。\n他的人生发生翻天覆地的巨变，但是内心某个地方却越来越感到空虚……');

-- 导出  表 woodwhales-media.media_person_info 结构
DROP TABLE IF EXISTS `media_person_info`;
CREATE TABLE IF NOT EXISTS `media_person_info` (
  `id` bigint(20) unsigned NOT NULL AUTO_INCREMENT COMMENT '主键',
  `create_time` datetime NOT NULL DEFAULT CURRENT_TIMESTAMP COMMENT '创建时间',
  `update_time` datetime NOT NULL DEFAULT CURRENT_TIMESTAMP ON UPDATE CURRENT_TIMESTAMP COMMENT '更新时间',
  `name` varchar(300) DEFAULT NULL COMMENT '中文名&英文名',
  `simple_name` varchar(300) DEFAULT NULL COMMENT '中文名',
  `dou_ban_id` varchar(80) DEFAULT NULL COMMENT '豆瓣id号',
  `url` varchar(500) DEFAULT NULL COMMENT '豆瓣链接',
  PRIMARY KEY (`id`),
  KEY `dou_ban_id` (`dou_ban_id`),
  KEY `url` (`url`)
) ENGINE=InnoDB DEFAULT CHARSET=utf8mb4 COMMENT='媒体人物信息表';

-- 正在导出表  woodwhales-media.media_person_info 的数据：~180 rows (大约)
DELETE FROM `media_person_info`;
INSERT INTO `media_person_info` (`id`, `create_time`, `update_time`, `name`, `simple_name`, `dou_ban_id`, `url`) VALUES
	(29, '2023-01-30 14:58:34', '2023-01-30 14:58:34', '马克·迈尔斯 Mack Miles', '马克·迈尔斯', '1390797', '/celebrity/1390797/'),
	(30, '2023-01-30 14:58:34', '2023-01-30 14:58:34', '鲍勃·冈顿 Bob Gunton', '鲍勃·冈顿', '1041179', '/celebrity/1041179/'),
	(31, '2023-01-30 14:58:34', '2023-01-30 14:58:34', '唐·麦克马纳斯 Don McManus', '唐·麦克马纳斯', '1333685', '/celebrity/1333685/'),
	(32, '2023-01-30 14:58:34', '2023-01-30 14:58:34', '詹姆斯·惠特摩 James Whitmore', '詹姆斯·惠特摩', '1027897', '/celebrity/1027897/'),
	(33, '2023-01-30 14:58:34', '2023-01-30 14:58:34', '弗兰克·德拉邦特 Frank Darabont', '弗兰克·德拉邦特', '1047973', '/celebrity/1047973/'),
	(34, '2023-01-30 14:58:34', '2023-01-30 14:58:34', '约瑟夫·劳格诺 Joseph Ragno', '约瑟夫·劳格诺', '1343306', '/celebrity/1343306/'),
	(35, '2023-01-30 14:58:34', '2023-01-30 14:58:34', '布赖恩·利比 Brian Libby', '布赖恩·利比', '1343305', '/celebrity/1343305/'),
	(36, '2023-01-30 14:58:34', '2023-01-30 14:58:34', '摩根·弗里曼 Morgan Freeman', '摩根·弗里曼', '1054534', '/celebrity/1054534/'),
	(37, '2023-01-30 14:58:34', '2023-01-30 14:58:34', '马克·罗斯顿 Mark Rolston', '马克·罗斯顿', '1054892', '/celebrity/1054892/'),
	(38, '2023-01-30 14:58:34', '2023-01-30 14:58:34', '弗兰克·梅德拉诺 Frank Medrano', '弗兰克·梅德拉诺', '1000635', '/celebrity/1000635/'),
	(39, '2023-01-30 14:58:34', '2023-01-30 14:58:34', '芮妮·布莱恩 Renee Blaine', '芮妮·布莱恩', '1390795', '/celebrity/1390795/'),
	(40, '2023-01-30 14:58:34', '2023-01-30 14:58:34', '拉里·布兰登伯格 Larry Brandenburg', '拉里·布兰登伯格', '1074035', '/celebrity/1074035/'),
	(41, '2023-01-30 14:58:34', '2023-01-30 14:58:34', '威廉姆·赛德勒 William Sadler', '威廉姆·赛德勒', '1000095', '/celebrity/1000095/'),
	(42, '2023-01-30 14:58:34', '2023-01-30 14:58:34', '尼尔·吉恩托利 Neil Giuntoli', '尼尔·吉恩托利', '1099030', '/celebrity/1099030/'),
	(43, '2023-01-30 14:58:34', '2023-01-30 14:58:34', '蒂姆·罗宾斯 Tim Robbins', '蒂姆·罗宾斯', '1054521', '/celebrity/1054521/'),
	(44, '2023-01-30 14:58:34', '2023-01-30 14:58:34', '保罗·麦克兰尼 Paul McCrane', '保罗·麦克兰尼', '1014040', '/celebrity/1014040/'),
	(45, '2023-01-30 14:58:34', '2023-01-30 14:58:34', '吉尔·贝罗斯 Gil Bellows', '吉尔·贝罗斯', '1010612', '/celebrity/1010612/'),
	(46, '2023-01-30 14:58:34', '2023-01-30 14:58:34', '克兰西·布朗 Clancy Brown', '克兰西·布朗', '1013817', '/celebrity/1013817/'),
	(47, '2023-01-30 14:58:34', '2023-01-30 14:58:34', '大卫·普罗瓦尔 David Proval', '大卫·普罗瓦尔', '1048222', '/celebrity/1048222/'),
	(48, '2023-01-30 14:58:34', '2023-01-30 14:58:34', '阿方索·弗里曼 Alfonso Freeman', '阿方索·弗里曼', '1083603', '/celebrity/1083603/'),
	(49, '2023-01-30 14:58:34', '2023-01-30 14:58:34', '斯蒂芬·金 Stephen King', '斯蒂芬·金', '1049547', '/celebrity/1049547/'),
	(50, '2023-01-30 14:58:34', '2023-01-30 14:58:34', 'V·J·福斯特 V.J. Foster', 'V·J·福斯特', '1330490', '/celebrity/1330490/'),
	(51, '2023-01-30 14:58:34', '2023-01-30 14:58:34', '尼尔·萨默斯 Neil Summers', '尼尔·萨默斯', '1150160', '/celebrity/1150160/'),
	(52, '2023-01-30 14:58:34', '2023-01-30 14:58:34', '杰弗里·德曼 Jeffrey DeMunn', '杰弗里·德曼', '1087302', '/celebrity/1087302/'),
	(53, '2023-01-30 14:58:34', '2023-01-30 14:58:34', '布赖恩·戴拉特 Brian Delate', '布赖恩·戴拉特', '1000721', '/celebrity/1000721/'),
	(54, '2023-01-30 14:58:34', '2023-01-30 14:58:34', '祖德·塞克利拉 Jude Ciccolella', '祖德·塞克利拉', '1315528', '/celebrity/1315528/'),
	(55, '2023-01-30 14:58:34', '2023-01-30 14:58:34', '耐德·巴拉米 Ned Bellamy', '耐德·巴拉米', '1048233', '/celebrity/1048233/'),
	(56, '2023-01-30 14:59:45', '2023-01-30 14:59:45', '黄斐 Fei Huang', '黄斐', '1373062', '/celebrity/1373062/'),
	(57, '2023-01-30 14:59:45', '2023-01-30 14:59:45', '吴大维 David Wu', '吴大维', '1028801', '/celebrity/1028801/'),
	(58, '2023-01-30 14:59:45', '2023-01-30 14:59:45', '尹治 Zhi Yin', '尹治', '1275236', '/celebrity/1275236/'),
	(59, '2023-01-30 14:59:45', '2023-01-30 14:59:45', '李春 Chun Li', '李春', '1275231', '/celebrity/1275231/'),
	(60, '2023-01-30 14:59:45', '2023-01-30 14:59:45', '蒋雯丽 Wenli Jiang', '蒋雯丽', '1020487', '/celebrity/1020487/'),
	(61, '2023-01-30 14:59:45', '2023-01-30 14:59:45', '芦苇 Wei Lu', '芦苇', '1275557', '/celebrity/1275557/'),
	(62, '2023-01-30 14:59:45', '2023-01-30 14:59:45', '方征 Zheng Fang', '方征', '1370871', '/celebrity/1370871/'),
	(63, '2023-01-30 14:59:45', '2023-01-30 14:59:45', '黄磊 Lei Huang', '黄磊', '1037715', '/celebrity/1037715/'),
	(64, '2023-01-30 14:59:45', '2023-01-30 14:59:45', '徐杰 Jade Hsu', '徐杰', '1317248', '/celebrity/1317248/'),
	(65, '2023-01-30 14:59:45', '2023-01-30 14:59:45', '吕齐 Qi Lü', '吕齐', '1275230', '/celebrity/1275230/'),
	(66, '2023-01-30 14:59:45', '2023-01-30 14:59:45', '李碧华 Lilian Lee Pik-Wah', '李碧华', '1275229', '/celebrity/1275229/'),
	(67, '2023-01-30 14:59:45', '2023-01-30 14:59:45', '雷汉 Han Lei', '雷汉', '1275232', '/celebrity/1275232/'),
	(68, '2023-01-30 14:59:45', '2023-01-30 14:59:45', '隋永清 Yongqing Sui', '隋永清', '1388971', '/celebrity/1388971/'),
	(69, '2023-01-30 14:59:45', '2023-01-30 14:59:45', '杨立新 LiXin Yang', '杨立新', '1274256', '/celebrity/1274256/'),
	(70, '2023-01-30 14:59:45', '2023-01-30 14:59:45', '沈慧芬 Huifen Shen', '沈慧芬', '1317383', '/celebrity/1317383/'),
	(71, '2023-01-30 14:59:45', '2023-01-30 14:59:45', '童弟 Di Tong', '童弟', '1275233', '/celebrity/1275233/'),
	(72, '2023-01-30 14:59:45', '2023-01-30 14:59:45', '英达 Da Ying', '英达', '1011479', '/celebrity/1011479/'),
	(73, '2023-01-30 14:59:45', '2023-01-30 14:59:45', '张丰毅 Fengyi Zhang', '张丰毅', '1050265', '/celebrity/1050265/'),
	(74, '2023-01-30 14:59:45', '2023-01-30 14:59:45', '陈凯歌 Kaige Chen', '陈凯歌', '1023040', '/celebrity/1023040/'),
	(75, '2023-01-30 14:59:45', '2023-01-30 14:59:45', '巩俐 Li Gong', '巩俐', '1035641', '/celebrity/1035641/'),
	(76, '2023-01-30 14:59:45', '2023-01-30 14:59:45', '费振翔 Zhenxiang Fei', '费振翔', '1275235', '/celebrity/1275235/'),
	(77, '2023-01-30 14:59:45', '2023-01-30 14:59:45', '马明威 Mingwei Ma', '马明威', '1275234', '/celebrity/1275234/'),
	(78, '2023-01-30 14:59:45', '2023-01-30 14:59:45', '葛优 You Ge', '葛优', '1000905', '/celebrity/1000905/'),
	(79, '2023-01-30 14:59:45', '2023-01-30 14:59:45', '赵海龙 Hailong Zhao', '赵海龙', '1275237', '/celebrity/1275237/'),
	(80, '2023-01-30 14:59:45', '2023-01-30 14:59:45', '李丹 Dan Li', '李丹', '1275238', '/celebrity/1275238/'),
	(81, '2023-01-30 14:59:45', '2023-01-30 14:59:45', '冯远征 Yuanzheng Feng', '冯远征', '1043136', '/celebrity/1043136/'),
	(82, '2023-01-30 14:59:45', '2023-01-30 14:59:45', '周璞 Pu Zhou', '周璞', '1343475', '/celebrity/1343475/'),
	(83, '2023-01-30 14:59:45', '2023-01-30 14:59:45', '张国荣 Leslie Cheung', '张国荣', '1003494', '/celebrity/1003494/'),
	(84, '2023-01-30 14:59:45', '2023-01-30 14:59:45', '智一桐 Yitong Zhi', '智一桐', '1275239', '/celebrity/1275239/'),
	(85, '2023-01-30 15:01:20', '2023-01-30 15:01:20', '丹尼尔C.斯瑞派克 Daniel C. Striepeke', '丹尼尔C.斯瑞派克', '1028832', '/celebrity/1028832/'),
	(86, '2023-01-30 15:01:20', '2023-01-30 15:01:20', '杰森·麦克奎尔 Jason McGuire', '杰森·麦克奎尔', '1125236', '/celebrity/1125236/'),
	(87, '2023-01-30 15:01:20', '2023-01-30 15:01:20', '伊丽莎白·汉克斯 Elizabeth Hanks', '伊丽莎白·汉克斯', '1102459', '/celebrity/1102459/'),
	(88, '2023-01-30 15:01:20', '2023-01-30 15:01:20', '罗伯特·泽米吉斯 Robert Zemeckis', '罗伯特·泽米吉斯', '1053564', '/celebrity/1053564/'),
	(89, '2023-01-30 15:01:20', '2023-01-30 15:01:20', '迈克尔·康纳·亨弗里斯 Michael Conner Humphreys', '迈克尔·康纳·亨弗里斯', '1287151', '/celebrity/1287151/'),
	(90, '2023-01-30 15:01:20', '2023-01-30 15:01:20', '马拉·苏查雷特扎 Marla Sucharetza', '马拉·苏查雷特扎', '1155461', '/celebrity/1155461/'),
	(91, '2023-01-30 15:01:20', '2023-01-30 15:01:20', '理查德·达历山德罗 Richard D&#39;Alessandro', '理查德·达历山德罗', '1075120', '/celebrity/1075120/'),
	(92, '2023-01-30 15:01:20', '2023-01-30 15:01:20', '迈克尔·伯吉斯 Michael Burgess', '迈克尔·伯吉斯', '1077989', '/celebrity/1077989/'),
	(93, '2023-01-30 15:01:20', '2023-01-30 15:01:20', '克里斯托弗·琼斯 Christopher Jones', '克里斯托弗·琼斯', '1112005', '/celebrity/1112005/'),
	(94, '2023-01-30 15:01:20', '2023-01-30 15:01:20', '艾德·戴维斯 Ed Davis', '艾德·戴维斯', '1081644', '/celebrity/1081644/'),
	(95, '2023-01-30 15:01:20', '2023-01-30 15:01:20', '拜伦·明斯 Byron Minns', '拜伦·明斯', '1292173', '/celebrity/1292173/'),
	(96, '2023-01-30 15:01:20', '2023-01-30 15:01:20', '斯蒂芬·布吉格沃特 Stephen Bridgewater', '斯蒂芬·布吉格沃特', '1050503', '/celebrity/1050503/'),
	(97, '2023-01-30 15:01:20', '2023-01-30 15:01:20', '鲍勃·霍普 Bob Hope', '鲍勃·霍普', '1019087', '/celebrity/1019087/'),
	(98, '2023-01-30 15:01:20', '2023-01-30 15:01:20', '德博拉·麦克蒂尔 Deborah McTeer', '德博拉·麦克蒂尔', '1115167', '/celebrity/1115167/'),
	(99, '2023-01-30 15:01:20', '2023-01-30 15:01:20', '伊俄涅·M·特雷奇 Ione M. Telech', '伊俄涅·M·特雷奇', '1157541', '/celebrity/1157541/'),
	(100, '2023-01-30 15:01:20', '2023-01-30 15:01:20', '温斯顿·格鲁姆 Winston Groom', '温斯顿·格鲁姆', '1285512', '/celebrity/1285512/'),
	(101, '2023-01-30 15:01:20', '2023-01-30 15:01:20', '海利·乔·奥斯蒙 Haley Joel Osment', '海利·乔·奥斯蒙', '1025137', '/celebrity/1025137/'),
	(102, '2023-01-30 15:01:20', '2023-01-30 15:01:20', '莎莉·菲尔德 Sally Field', '莎莉·菲尔德', '1041112', '/celebrity/1041112/'),
	(103, '2023-01-30 15:01:20', '2023-01-30 15:01:20', '麦凯尔泰·威廉逊 Mykelti Williamson', '麦凯尔泰·威廉逊', '1031912', '/celebrity/1031912/'),
	(104, '2023-01-30 15:01:20', '2023-01-30 15:01:20', '阿非莫·奥米拉 Afemo Omilami', '阿非莫·奥米拉', '1037024', '/celebrity/1037024/'),
	(105, '2023-01-30 15:01:20', '2023-01-30 15:01:20', '加里·西尼斯 Gary Sinise', '加里·西尼斯', '1031848', '/celebrity/1031848/'),
	(106, '2023-01-30 15:01:20', '2023-01-30 15:01:20', '希博汗·法隆 Siobhan Fallon', '希博汗·法隆', '1080248', '/celebrity/1080248/'),
	(107, '2023-01-30 15:01:20', '2023-01-30 15:01:20', '杰弗里·布莱克 Geoffrey Blake', '杰弗里·布莱克', '1066340', '/celebrity/1066340/'),
	(108, '2023-01-30 15:01:20', '2023-01-30 15:01:20', '汉娜·豪尔 Hanna Hall', '汉娜·豪尔', '1009340', '/celebrity/1009340/'),
	(109, '2023-01-30 15:01:20', '2023-01-30 15:01:20', '约翰·沃德斯塔德 John Voldstad', '约翰·沃德斯塔德', '1164655', '/celebrity/1164655/'),
	(110, '2023-01-30 15:01:20', '2023-01-30 15:01:20', '彼得·道博森 Peter Dobson', '彼得·道博森', '1009527', '/celebrity/1009527/'),
	(111, '2023-01-30 15:01:20', '2023-01-30 15:01:20', '罗纳德·里根 Ronald Reagan', '罗纳德·里根', '1007039', '/celebrity/1007039/'),
	(112, '2023-01-30 15:01:20', '2023-01-30 15:01:20', '伊莎贝尔·罗斯 Isabel Rose', '伊莎贝尔·罗斯', '1296038', '/celebrity/1296038/'),
	(113, '2023-01-30 15:01:20', '2023-01-30 15:01:20', '桑尼·施罗耶 Sonny Shroyer', '桑尼·施罗耶', '1145663', '/celebrity/1145663/'),
	(114, '2023-01-30 15:01:20', '2023-01-30 15:01:20', '艾尔·哈林顿 Al Harrington', '艾尔·哈林顿', '1095746', '/celebrity/1095746/'),
	(115, '2023-01-30 15:01:20', '2023-01-30 15:01:20', '罗布·兰德里 Rob Landry', '罗布·兰德里', '1289360', '/celebrity/1289360/'),
	(116, '2023-01-30 15:01:20', '2023-01-30 15:01:20', '理查德·尼克松 Richard Nixon', '理查德·尼克松', '1014230', '/celebrity/1014230/'),
	(117, '2023-01-30 15:01:20', '2023-01-30 15:01:20', '杰拉尔德·福特 Gerald Ford', '杰拉尔德·福特', '1056050', '/celebrity/1056050/'),
	(118, '2023-01-30 15:01:20', '2023-01-30 15:01:20', '艾瑞克·罗斯 Eric Roth', '艾瑞克·罗斯', '1000393', '/celebrity/1000393/'),
	(119, '2023-01-30 15:01:20', '2023-01-30 15:01:20', 'W·本森·泰瑞 W. Benson Terry', 'W·本森·泰瑞', '1152599', '/celebrity/1152599/'),
	(120, '2023-01-30 15:01:20', '2023-01-30 15:01:20', '布雷特·赖斯 Brett Rice', '布雷特·赖斯', '1414281', '/celebrity/1414281/'),
	(121, '2023-01-30 15:01:20', '2023-01-30 15:01:20', '埃尔维斯·普雷斯利 Elvis Presley', '埃尔维斯·普雷斯利', '1013848', '/celebrity/1013848/'),
	(122, '2023-01-30 15:01:20', '2023-01-30 15:01:20', '吴俊全 Junquan Wu', '吴俊全', '1328417', '/celebrity/1328417/'),
	(123, '2023-01-30 15:01:20', '2023-01-30 15:01:20', '汤姆·汉克斯 Tom Hanks', '汤姆·汉克斯', '1054450', '/celebrity/1054450/'),
	(124, '2023-01-30 15:01:20', '2023-01-30 15:01:20', '约翰·威廉·高尔特 John William Galt', '约翰·威廉·高尔特', '1102416', '/celebrity/1102416/'),
	(125, '2023-01-30 15:01:20', '2023-01-30 15:01:20', '山姆·安德森 Sam Anderson', '山姆·安德森', '1057231', '/celebrity/1057231/'),
	(126, '2023-01-30 15:01:20', '2023-01-30 15:01:20', '约翰·肯尼迪 John F. Kennedy', '约翰·肯尼迪', '1018205', '/celebrity/1018205/'),
	(127, '2023-01-30 15:01:20', '2023-01-30 15:01:20', '大卫·布里斯宾 David Brisbin', '大卫·布里斯宾', '1067651', '/celebrity/1067651/'),
	(128, '2023-01-30 15:01:20', '2023-01-30 15:01:20', '哈罗德·G·赫瑟姆 Harold G. Herthum', '哈罗德·G·赫瑟姆', '1101200', '/celebrity/1101200/'),
	(129, '2023-01-30 15:01:20', '2023-01-30 15:01:20', '迪克·史迪威 Dick Stilwell', '迪克·史迪威', '1157301', '/celebrity/1157301/'),
	(130, '2023-01-30 15:01:20', '2023-01-30 15:01:20', '罗宾·怀特 Robin Wright', '罗宾·怀特', '1002676', '/celebrity/1002676/'),
	(131, '2023-01-30 15:01:20', '2023-01-30 15:01:20', '瓦妮莎·罗斯 Vanessa Roth', '瓦妮莎·罗斯', '1296180', '/celebrity/1296180/'),
	(132, '2023-01-30 15:01:20', '2023-01-30 15:01:20', '迪克·卡维特 Dick Cavett', '迪克·卡维特', '1041384', '/celebrity/1041384/'),
	(133, '2023-01-30 15:01:20', '2023-01-30 15:01:20', '埃里克·安德伍德 Eric Underwood', '埃里克·安德伍德', '1156633', '/celebrity/1156633/'),
	(134, '2023-01-30 15:01:20', '2023-01-30 15:01:20', '约翰·列侬 John Lennon', '约翰·列侬', '1027302', '/celebrity/1027302/'),
	(135, '2023-01-30 15:01:20', '2023-01-30 15:01:20', '乔·阿拉斯奇 Joe Alaskey', '乔·阿拉斯奇', '1059676', '/celebrity/1059676/'),
	(136, '2023-01-30 15:01:20', '2023-01-30 15:01:20', '蒂莫西·麦克尼尔 Timothy McNeil', '蒂莫西·麦克尼尔', '1361911', '/celebrity/1361911/'),
	(137, '2023-01-30 15:01:20', '2023-01-30 15:01:20', '迈克尔-杰斯 Michael Jace', '迈克尔-杰斯', '1114521', '/celebrity/1114521/'),
	(138, '2023-01-30 15:01:20', '2023-01-30 15:01:20', '希拉里·沙普兰 Hilary Chaplain', '希拉里·沙普兰', '1069270', '/celebrity/1069270/'),
	(139, '2023-01-30 15:05:38', '2023-01-30 15:05:38', '陈坤 Kun Chen', '陈坤', '1053618', '/celebrity/1053618/'),
	(140, '2023-01-30 15:05:38', '2023-01-30 15:05:38', '岳红 Hong Yue', '岳红', '1052863', '/celebrity/1052863/'),
	(141, '2023-01-30 15:05:38', '2023-01-30 15:05:38', '张默 Mo Zhang', '张默', '1026454', '/celebrity/1026454/'),
	(142, '2023-01-30 15:05:38', '2023-01-30 15:05:38', '姜武 Wu Jiang', '姜武', '1274290', '/celebrity/1274290/'),
	(143, '2023-01-30 15:05:38', '2023-01-30 15:05:38', '苗圃 Pu Miao', '苗圃', '1033846', '/celebrity/1033846/'),
	(144, '2023-01-30 15:05:38', '2023-01-30 15:05:38', '姚橹 Lu Yao', '姚橹', '1274497', '/celebrity/1274497/'),
	(145, '2023-01-30 15:05:38', '2023-01-30 15:05:38', '沙瑀 Yu Sha', '沙瑀', '1397607', '/celebrity/1397607/'),
	(146, '2023-01-30 15:05:38', '2023-01-30 15:05:38', '文祥 Xiang Wen', '文祥', '1326492', '/celebrity/1326492/'),
	(147, '2023-01-30 15:05:38', '2023-01-30 15:05:38', '宣晓鸣 Xiaoming Xuan', '宣晓鸣', '1320627', '/celebrity/1320627/'),
	(148, '2023-01-30 15:05:38', '2023-01-30 15:05:38', '马识途 Shitu Ma', '马识途', '1275963', '/celebrity/1275963/'),
	(149, '2023-01-30 15:05:38', '2023-01-30 15:05:38', '绀野千春 Chiharu Konno', '绀野千春', '1016528', '/celebrity/1016528/'),
	(150, '2023-01-30 15:05:38', '2023-01-30 15:05:38', '杨奇雨 Qiyu Yang', '杨奇雨', '1275968', '/celebrity/1275968/'),
	(151, '2023-01-30 15:05:38', '2023-01-30 15:05:38', '杜奕衡 John Do', '杜奕衡', '1275965', '/celebrity/1275965/'),
	(152, '2023-01-30 15:05:38', '2023-01-30 15:05:38', '赵铭 Ming Zhao', '赵铭', '1313245', '/celebrity/1313245/'),
	(153, '2023-01-30 15:05:38', '2023-01-30 15:05:38', '周润发 Yun-Fat Chow', '周润发', '1044899', '/celebrity/1044899/'),
	(154, '2023-01-30 15:05:38', '2023-01-30 15:05:38', '周韵 Yun Zhou', '周韵', '1037851', '/celebrity/1037851/'),
	(155, '2023-01-30 15:05:38', '2023-01-30 15:05:38', '白冰 Bing Bai', '白冰', '1275547', '/celebrity/1275547/'),
	(156, '2023-01-30 15:05:38', '2023-01-30 15:05:38', '刘嘉玲 Carina Lau', '刘嘉玲', '1036905', '/celebrity/1036905/'),
	(157, '2023-01-30 15:05:38', '2023-01-30 15:05:38', '冯小刚 Xiaogang Feng', '冯小刚', '1274255', '/celebrity/1274255/'),
	(158, '2023-01-30 15:05:38', '2023-01-30 15:05:38', '吴昔果 Xiguo Wu', '吴昔果', '1397608', '/celebrity/1397608/'),
	(159, '2023-01-30 15:05:38', '2023-01-30 15:05:38', '李不空 Bukong Li', '李不空', '1275962', '/celebrity/1275962/'),
	(160, '2023-01-30 15:05:38', '2023-01-30 15:05:38', '廖凡 Fan Liao', '廖凡', '1007401', '/celebrity/1007401/'),
	(161, '2023-01-30 15:05:38', '2023-01-30 15:05:38', '马元 Yuan Ma', '马元', '1317056', '/celebrity/1317056/'),
	(162, '2023-01-30 15:05:38', '2023-01-30 15:05:38', '朱苏进 Sujin Zhu', '朱苏进', '1275244', '/celebrity/1275244/'),
	(163, '2023-01-30 15:05:38', '2023-01-30 15:05:38', '郭俊立 Junli Guo', '郭俊立', '1274911', '/celebrity/1274911/'),
	(164, '2023-01-30 15:05:38', '2023-01-30 15:05:38', '马珂 Ke Ma', '马珂', '1275964', '/celebrity/1275964/'),
	(165, '2023-01-30 15:05:38', '2023-01-30 15:05:38', '述平 Shuping', '述平', '1275245', '/celebrity/1275245/'),
	(166, '2023-01-30 15:05:38', '2023-01-30 15:05:38', '胡军 Jun Hu', '胡军', '1032540', '/celebrity/1032540/'),
	(167, '2023-01-30 15:05:38', '2023-01-30 15:05:38', '陈磊 Lei Chen', '陈磊', '1397606', '/celebrity/1397606/'),
	(168, '2023-01-30 15:05:38', '2023-01-30 15:05:38', '危笑 Xiao Wei', '危笑', '1275961', '/celebrity/1275961/'),
	(169, '2023-01-30 15:05:38', '2023-01-30 15:05:38', '胡明 Ming Hu', '胡明', '1275967', '/celebrity/1275967/'),
	(170, '2023-01-30 15:05:38', '2023-01-30 15:05:38', '姜文 Wen Jiang', '姜文', '1021999', '/celebrity/1021999/'),
	(171, '2023-01-30 15:05:38', '2023-01-30 15:05:38', '姜洪齐 Hongqi Jiang', '姜洪齐', '1344685', '/celebrity/1344685/'),
	(172, '2023-01-30 15:05:38', '2023-01-30 15:05:38', '邵兵 Bing Shao', '邵兵', '1274884', '/celebrity/1274884/'),
	(173, '2023-01-30 15:05:38', '2023-01-30 15:05:38', '李静 Jing Li', '李静', '1275973', '/celebrity/1275973/'),
	(174, '2023-01-30 15:06:40', '2023-01-30 15:06:40', '常世奎 Shikui Chang', '常世奎', '1379728', '/celebrity/1379728/'),
	(175, '2023-01-30 15:06:40', '2023-01-30 15:06:40', '肖扬 Yang Xiao', '肖扬', '1367855', '/celebrity/1367855/'),
	(176, '2023-01-30 15:06:40', '2023-01-30 15:06:40', '许猛 Meng Xu', '许猛', '1426220', '/celebrity/1426220/'),
	(177, '2023-01-30 15:06:40', '2023-01-30 15:06:40', '陈昊明 Haoming Chen', '陈昊明', '1344888', '/celebrity/1344888/'),
	(178, '2023-01-30 15:06:40', '2023-01-30 15:06:40', '王佳伟 Jiawei Wang', '王佳伟', '1406619', '/celebrity/1406619/'),
	(179, '2023-01-30 15:06:40', '2023-01-30 15:06:40', '马丽 Li Ma', '马丽', '1319032', '/celebrity/1319032/'),
	(180, '2023-01-30 15:06:40', '2023-01-30 15:06:40', '彭大魔 Damo Peng', '彭大魔', '1350409', '/celebrity/1350409/'),
	(181, '2023-01-30 15:06:40', '2023-01-30 15:06:40', '刘立东 Lidong Liu', '刘立东', '1473497', '/celebrity/1473497/'),
	(182, '2023-01-30 15:06:40', '2023-01-30 15:06:40', '李萍 Ping Li', '李萍', '1328349', '/celebrity/1328349/'),
	(183, '2023-01-30 15:06:40', '2023-01-30 15:06:40', '刘金 Jin Liu', '刘金', '1355519', '/celebrity/1355519/'),
	(184, '2023-01-30 15:06:40', '2023-01-30 15:06:40', '周展翅 Zhanchi Zhou', '周展翅', '1354617', '/celebrity/1354617/'),
	(185, '2023-01-30 15:06:40', '2023-01-30 15:06:40', '黄才伦 Cailun Huang', '黄才伦', '1363857', '/celebrity/1363857/'),
	(186, '2023-01-30 15:06:40', '2023-01-30 15:06:40', '王成思 Chengsi Wang', '王成思', '1383525', '/celebrity/1383525/'),
	(187, '2023-01-30 15:06:40', '2023-01-30 15:06:40', '李海银 Haiyin Li', '李海银', '1407469', '/celebrity/1407469/'),
	(188, '2023-01-30 15:06:40', '2023-01-30 15:06:40', '田雨 Yu Tian', '田雨', '1316331', '/celebrity/1316331/'),
	(189, '2023-01-30 15:06:40', '2023-01-30 15:06:40', '张一鸣 Yiming Zhang', '张一鸣', '1322777', '/celebrity/1322777/'),
	(190, '2023-01-30 15:06:40', '2023-01-30 15:06:40', '王琦 Qi Wang', '王琦', '1330849', '/celebrity/1330849/'),
	(191, '2023-01-30 15:06:40', '2023-01-30 15:06:40', '宋阳 Yang Song', '宋阳', '1350407', '/celebrity/1350407/'),
	(192, '2023-01-30 15:06:40', '2023-01-30 15:06:40', '闫非 Fei Yan', '闫非', '1350410', '/celebrity/1350410/'),
	(193, '2023-01-30 15:06:40', '2023-01-30 15:06:40', '黄杨 Yang Huang', '黄杨', '1320285', '/celebrity/1320285/'),
	(194, '2023-01-30 15:06:40', '2023-01-30 15:06:40', '王智 Zhi Wang', '王智', '1321587', '/celebrity/1321587/'),
	(195, '2023-01-30 15:06:40', '2023-01-30 15:06:40', '马小茜 Xiaoqian Ma', '马小茜', '1351721', '/celebrity/1351721/'),
	(196, '2023-01-30 15:06:40', '2023-01-30 15:06:40', '李立群 Lichun Lee', '李立群', '1274438', '/celebrity/1274438/'),
	(197, '2023-01-30 15:06:40', '2023-01-30 15:06:40', '尹正 Zheng Yin', '尹正', '1332934', '/celebrity/1332934/'),
	(198, '2023-01-30 15:06:40', '2023-01-30 15:06:40', '常远 Yuan Chang', '常远', '1327084', '/celebrity/1327084/'),
	(199, '2023-01-30 15:06:40', '2023-01-30 15:06:40', '关鹏 Peng Guan', '关鹏', '1458825', '/celebrity/1458825/'),
	(200, '2023-01-30 15:06:40', '2023-01-30 15:06:40', '艾伦 Allen', '艾伦', '1350408', '/celebrity/1350408/'),
	(201, '2023-01-30 15:06:40', '2023-01-30 15:06:40', '刘坤 Kun Liu', '刘坤', '1356681', '/celebrity/1356681/'),
	(202, '2023-01-30 15:06:40', '2023-01-30 15:06:40', '马驰 Chi Ma', '马驰', '1398260', '/celebrity/1398260/'),
	(203, '2023-01-30 15:06:40', '2023-01-30 15:06:40', '沈腾 Teng Shen', '沈腾', '1325700', '/celebrity/1325700/'),
	(204, '2023-01-30 15:06:40', '2023-01-30 15:06:40', '赵雪 Xue Zhao', '赵雪', '1407461', '/celebrity/1407461/'),
	(205, '2023-01-30 15:06:40', '2023-01-30 15:06:40', '冯满 Man Feng', '冯满', '1470487', '/celebrity/1470487/'),
	(206, '2023-01-30 15:06:40', '2023-01-30 15:06:40', '陶亮 Liang Tao', '陶亮', '1353283', '/celebrity/1353283/'),
	(207, '2023-01-30 15:06:40', '2023-01-30 15:06:40', '魏翔 Xiang Wei', '魏翔', '1355058', '/celebrity/1355058/'),
	(208, '2023-01-30 15:06:40', '2023-01-30 15:06:40', '吴江 Jiang Wu', '吴江', '1367692', '/celebrity/1367692/');

-- 导出  表 woodwhales-media.media_person_relation_info 结构
DROP TABLE IF EXISTS `media_person_relation_info`;
CREATE TABLE IF NOT EXISTS `media_person_relation_info` (
  `id` bigint(20) unsigned NOT NULL AUTO_INCREMENT COMMENT '主键',
  `create_time` datetime NOT NULL DEFAULT CURRENT_TIMESTAMP COMMENT '创建时间',
  `update_time` datetime NOT NULL DEFAULT CURRENT_TIMESTAMP ON UPDATE CURRENT_TIMESTAMP COMMENT '更新时间',
  `media_info_id` bigint(20) unsigned NOT NULL COMMENT 'media_info表主键',
  `media_person_info_id` bigint(20) NOT NULL COMMENT 'media_person_info表主键',
  `media_type_enum` varchar(50) DEFAULT NULL COMMENT '媒体类型',
  `person_type` varchar(50) DEFAULT NULL COMMENT '媒体人物在当前作品的角色',
  PRIMARY KEY (`id`),
  KEY `media_info_id` (`media_info_id`),
  KEY `media_person_info_id` (`media_person_info_id`)
) ENGINE=InnoDB DEFAULT CHARSET=utf8mb4 COMMENT='媒体人物关系表';

-- 正在导出表  woodwhales-media.media_person_relation_info 的数据：~188 rows (大约)
DELETE FROM `media_person_relation_info`;
INSERT INTO `media_person_relation_info` (`id`, `create_time`, `update_time`, `media_info_id`, `media_person_info_id`, `media_type_enum`, `person_type`) VALUES
	(1, '2023-01-30 14:58:34', '2023-01-30 14:58:34', 3, 33, 'MOVIE', 'DIRECTOR'),
	(2, '2023-01-30 14:58:34', '2023-01-30 14:58:34', 3, 33, 'MOVIE', 'AUTHOR'),
	(3, '2023-01-30 14:58:34', '2023-01-30 14:58:34', 3, 49, 'MOVIE', 'AUTHOR'),
	(4, '2023-01-30 14:58:34', '2023-01-30 14:58:34', 3, 43, 'MOVIE', 'ACTOR'),
	(5, '2023-01-30 14:58:34', '2023-01-30 14:58:34', 3, 36, 'MOVIE', 'ACTOR'),
	(6, '2023-01-30 14:58:34', '2023-01-30 14:58:34', 3, 30, 'MOVIE', 'ACTOR'),
	(7, '2023-01-30 14:58:34', '2023-01-30 14:58:34', 3, 41, 'MOVIE', 'ACTOR'),
	(8, '2023-01-30 14:58:34', '2023-01-30 14:58:34', 3, 46, 'MOVIE', 'ACTOR'),
	(9, '2023-01-30 14:58:34', '2023-01-30 14:58:34', 3, 45, 'MOVIE', 'ACTOR'),
	(10, '2023-01-30 14:58:34', '2023-01-30 14:58:34', 3, 37, 'MOVIE', 'ACTOR'),
	(11, '2023-01-30 14:58:34', '2023-01-30 14:58:34', 3, 32, 'MOVIE', 'ACTOR'),
	(12, '2023-01-30 14:58:34', '2023-01-30 14:58:34', 3, 52, 'MOVIE', 'ACTOR'),
	(13, '2023-01-30 14:58:34', '2023-01-30 14:58:34', 3, 40, 'MOVIE', 'ACTOR'),
	(14, '2023-01-30 14:58:34', '2023-01-30 14:58:34', 3, 42, 'MOVIE', 'ACTOR'),
	(15, '2023-01-30 14:58:34', '2023-01-30 14:58:34', 3, 35, 'MOVIE', 'ACTOR'),
	(16, '2023-01-30 14:58:34', '2023-01-30 14:58:34', 3, 47, 'MOVIE', 'ACTOR'),
	(17, '2023-01-30 14:58:34', '2023-01-30 14:58:34', 3, 34, 'MOVIE', 'ACTOR'),
	(18, '2023-01-30 14:58:34', '2023-01-30 14:58:34', 3, 54, 'MOVIE', 'ACTOR'),
	(19, '2023-01-30 14:58:34', '2023-01-30 14:58:34', 3, 44, 'MOVIE', 'ACTOR'),
	(20, '2023-01-30 14:58:34', '2023-01-30 14:58:34', 3, 39, 'MOVIE', 'ACTOR'),
	(21, '2023-01-30 14:58:34', '2023-01-30 14:58:34', 3, 48, 'MOVIE', 'ACTOR'),
	(22, '2023-01-30 14:58:34', '2023-01-30 14:58:34', 3, 50, 'MOVIE', 'ACTOR'),
	(23, '2023-01-30 14:58:34', '2023-01-30 14:58:34', 3, 38, 'MOVIE', 'ACTOR'),
	(24, '2023-01-30 14:58:34', '2023-01-30 14:58:34', 3, 29, 'MOVIE', 'ACTOR'),
	(25, '2023-01-30 14:58:34', '2023-01-30 14:58:34', 3, 51, 'MOVIE', 'ACTOR'),
	(26, '2023-01-30 14:58:34', '2023-01-30 14:58:34', 3, 55, 'MOVIE', 'ACTOR'),
	(27, '2023-01-30 14:58:34', '2023-01-30 14:58:34', 3, 53, 'MOVIE', 'ACTOR'),
	(28, '2023-01-30 14:58:34', '2023-01-30 14:58:34', 3, 31, 'MOVIE', 'ACTOR'),
	(29, '2023-01-30 14:59:45', '2023-01-30 14:59:45', 4, 74, 'MOVIE', 'DIRECTOR'),
	(30, '2023-01-30 14:59:45', '2023-01-30 14:59:45', 4, 61, 'MOVIE', 'AUTHOR'),
	(31, '2023-01-30 14:59:45', '2023-01-30 14:59:45', 4, 66, 'MOVIE', 'AUTHOR'),
	(32, '2023-01-30 14:59:45', '2023-01-30 14:59:45', 4, 83, 'MOVIE', 'ACTOR'),
	(33, '2023-01-30 14:59:45', '2023-01-30 14:59:45', 4, 73, 'MOVIE', 'ACTOR'),
	(34, '2023-01-30 14:59:45', '2023-01-30 14:59:45', 4, 75, 'MOVIE', 'ACTOR'),
	(35, '2023-01-30 14:59:45', '2023-01-30 14:59:45', 4, 78, 'MOVIE', 'ACTOR'),
	(36, '2023-01-30 14:59:45', '2023-01-30 14:59:45', 4, 72, 'MOVIE', 'ACTOR'),
	(37, '2023-01-30 14:59:45', '2023-01-30 14:59:45', 4, 60, 'MOVIE', 'ACTOR'),
	(38, '2023-01-30 14:59:45', '2023-01-30 14:59:45', 4, 57, 'MOVIE', 'ACTOR'),
	(39, '2023-01-30 14:59:45', '2023-01-30 14:59:45', 4, 65, 'MOVIE', 'ACTOR'),
	(40, '2023-01-30 14:59:45', '2023-01-30 14:59:45', 4, 67, 'MOVIE', 'ACTOR'),
	(41, '2023-01-30 14:59:45', '2023-01-30 14:59:45', 4, 58, 'MOVIE', 'ACTOR'),
	(42, '2023-01-30 14:59:45', '2023-01-30 14:59:45', 4, 77, 'MOVIE', 'ACTOR'),
	(43, '2023-01-30 14:59:45', '2023-01-30 14:59:45', 4, 76, 'MOVIE', 'ACTOR'),
	(44, '2023-01-30 14:59:45', '2023-01-30 14:59:45', 4, 84, 'MOVIE', 'ACTOR'),
	(45, '2023-01-30 14:59:45', '2023-01-30 14:59:45', 4, 59, 'MOVIE', 'ACTOR'),
	(46, '2023-01-30 14:59:45', '2023-01-30 14:59:45', 4, 79, 'MOVIE', 'ACTOR'),
	(47, '2023-01-30 14:59:45', '2023-01-30 14:59:45', 4, 80, 'MOVIE', 'ACTOR'),
	(48, '2023-01-30 14:59:45', '2023-01-30 14:59:45', 4, 71, 'MOVIE', 'ACTOR'),
	(49, '2023-01-30 14:59:45', '2023-01-30 14:59:45', 4, 70, 'MOVIE', 'ACTOR'),
	(50, '2023-01-30 14:59:45', '2023-01-30 14:59:45', 4, 56, 'MOVIE', 'ACTOR'),
	(51, '2023-01-30 14:59:45', '2023-01-30 14:59:45', 4, 64, 'MOVIE', 'ACTOR'),
	(52, '2023-01-30 14:59:45', '2023-01-30 14:59:45', 4, 63, 'MOVIE', 'ACTOR'),
	(53, '2023-01-30 14:59:45', '2023-01-30 14:59:45', 4, 81, 'MOVIE', 'ACTOR'),
	(54, '2023-01-30 14:59:45', '2023-01-30 14:59:45', 4, 69, 'MOVIE', 'ACTOR'),
	(55, '2023-01-30 14:59:45', '2023-01-30 14:59:45', 4, 62, 'MOVIE', 'ACTOR'),
	(56, '2023-01-30 14:59:45', '2023-01-30 14:59:45', 4, 82, 'MOVIE', 'ACTOR'),
	(57, '2023-01-30 14:59:45', '2023-01-30 14:59:45', 4, 68, 'MOVIE', 'ACTOR'),
	(58, '2023-01-30 15:01:20', '2023-01-30 15:01:20', 5, 88, 'MOVIE', 'DIRECTOR'),
	(59, '2023-01-30 15:01:20', '2023-01-30 15:01:20', 5, 118, 'MOVIE', 'AUTHOR'),
	(60, '2023-01-30 15:01:20', '2023-01-30 15:01:20', 5, 100, 'MOVIE', 'AUTHOR'),
	(61, '2023-01-30 15:01:20', '2023-01-30 15:01:20', 5, 123, 'MOVIE', 'ACTOR'),
	(62, '2023-01-30 15:01:20', '2023-01-30 15:01:20', 5, 130, 'MOVIE', 'ACTOR'),
	(63, '2023-01-30 15:01:20', '2023-01-30 15:01:20', 5, 105, 'MOVIE', 'ACTOR'),
	(64, '2023-01-30 15:01:20', '2023-01-30 15:01:20', 5, 103, 'MOVIE', 'ACTOR'),
	(65, '2023-01-30 15:01:20', '2023-01-30 15:01:20', 5, 102, 'MOVIE', 'ACTOR'),
	(66, '2023-01-30 15:01:20', '2023-01-30 15:01:20', 5, 101, 'MOVIE', 'ACTOR'),
	(67, '2023-01-30 15:01:20', '2023-01-30 15:01:20', 5, 89, 'MOVIE', 'ACTOR'),
	(68, '2023-01-30 15:01:20', '2023-01-30 15:01:20', 5, 128, 'MOVIE', 'ACTOR'),
	(69, '2023-01-30 15:01:20', '2023-01-30 15:01:20', 5, 125, 'MOVIE', 'ACTOR'),
	(70, '2023-01-30 15:01:20', '2023-01-30 15:01:20', 5, 99, 'MOVIE', 'ACTOR'),
	(71, '2023-01-30 15:01:20', '2023-01-30 15:01:20', 5, 110, 'MOVIE', 'ACTOR'),
	(72, '2023-01-30 15:01:20', '2023-01-30 15:01:20', 5, 106, 'MOVIE', 'ACTOR'),
	(73, '2023-01-30 15:01:20', '2023-01-30 15:01:20', 5, 87, 'MOVIE', 'ACTOR'),
	(74, '2023-01-30 15:01:20', '2023-01-30 15:01:20', 5, 108, 'MOVIE', 'ACTOR'),
	(75, '2023-01-30 15:01:20', '2023-01-30 15:01:20', 5, 93, 'MOVIE', 'ACTOR'),
	(76, '2023-01-30 15:01:20', '2023-01-30 15:01:20', 5, 115, 'MOVIE', 'ACTOR'),
	(77, '2023-01-30 15:01:20', '2023-01-30 15:01:20', 5, 86, 'MOVIE', 'ACTOR'),
	(78, '2023-01-30 15:01:20', '2023-01-30 15:01:20', 5, 113, 'MOVIE', 'ACTOR'),
	(79, '2023-01-30 15:01:20', '2023-01-30 15:01:20', 5, 94, 'MOVIE', 'ACTOR'),
	(80, '2023-01-30 15:01:20', '2023-01-30 15:01:20', 5, 85, 'MOVIE', 'ACTOR'),
	(81, '2023-01-30 15:01:20', '2023-01-30 15:01:20', 5, 127, 'MOVIE', 'ACTOR'),
	(82, '2023-01-30 15:01:20', '2023-01-30 15:01:20', 5, 98, 'MOVIE', 'ACTOR'),
	(83, '2023-01-30 15:01:20', '2023-01-30 15:01:20', 5, 114, 'MOVIE', 'ACTOR'),
	(84, '2023-01-30 15:01:20', '2023-01-30 15:01:20', 5, 104, 'MOVIE', 'ACTOR'),
	(85, '2023-01-30 15:01:20', '2023-01-30 15:01:20', 5, 109, 'MOVIE', 'ACTOR'),
	(86, '2023-01-30 15:01:20', '2023-01-30 15:01:20', 5, 92, 'MOVIE', 'ACTOR'),
	(87, '2023-01-30 15:01:20', '2023-01-30 15:01:20', 5, 133, 'MOVIE', 'ACTOR'),
	(88, '2023-01-30 15:01:20', '2023-01-30 15:01:20', 5, 95, 'MOVIE', 'ACTOR'),
	(89, '2023-01-30 15:01:20', '2023-01-30 15:01:20', 5, 96, 'MOVIE', 'ACTOR'),
	(90, '2023-01-30 15:01:20', '2023-01-30 15:01:20', 5, 124, 'MOVIE', 'ACTOR'),
	(91, '2023-01-30 15:01:20', '2023-01-30 15:01:20', 5, 138, 'MOVIE', 'ACTOR'),
	(92, '2023-01-30 15:01:20', '2023-01-30 15:01:20', 5, 112, 'MOVIE', 'ACTOR'),
	(93, '2023-01-30 15:01:20', '2023-01-30 15:01:20', 5, 91, 'MOVIE', 'ACTOR'),
	(94, '2023-01-30 15:01:20', '2023-01-30 15:01:20', 5, 129, 'MOVIE', 'ACTOR'),
	(95, '2023-01-30 15:01:20', '2023-01-30 15:01:20', 5, 137, 'MOVIE', 'ACTOR'),
	(96, '2023-01-30 15:01:20', '2023-01-30 15:01:20', 5, 107, 'MOVIE', 'ACTOR'),
	(97, '2023-01-30 15:01:20', '2023-01-30 15:01:20', 5, 131, 'MOVIE', 'ACTOR'),
	(98, '2023-01-30 15:01:20', '2023-01-30 15:01:20', 5, 132, 'MOVIE', 'ACTOR'),
	(99, '2023-01-30 15:01:20', '2023-01-30 15:01:20', 5, 90, 'MOVIE', 'ACTOR'),
	(100, '2023-01-30 15:01:20', '2023-01-30 15:01:20', 5, 135, 'MOVIE', 'ACTOR'),
	(101, '2023-01-30 15:01:20', '2023-01-30 15:01:20', 5, 119, 'MOVIE', 'ACTOR'),
	(102, '2023-01-30 15:01:20', '2023-01-30 15:01:20', 5, 134, 'MOVIE', 'ACTOR'),
	(103, '2023-01-30 15:01:20', '2023-01-30 15:01:20', 5, 121, 'MOVIE', 'ACTOR'),
	(104, '2023-01-30 15:01:20', '2023-01-30 15:01:20', 5, 111, 'MOVIE', 'ACTOR'),
	(105, '2023-01-30 15:01:20', '2023-01-30 15:01:20', 5, 97, 'MOVIE', 'ACTOR'),
	(106, '2023-01-30 15:01:20', '2023-01-30 15:01:20', 5, 126, 'MOVIE', 'ACTOR'),
	(107, '2023-01-30 15:01:20', '2023-01-30 15:01:20', 5, 116, 'MOVIE', 'ACTOR'),
	(108, '2023-01-30 15:01:20', '2023-01-30 15:01:20', 5, 122, 'MOVIE', 'ACTOR'),
	(109, '2023-01-30 15:01:20', '2023-01-30 15:01:20', 5, 136, 'MOVIE', 'ACTOR'),
	(110, '2023-01-30 15:01:20', '2023-01-30 15:01:20', 5, 117, 'MOVIE', 'ACTOR'),
	(111, '2023-01-30 15:01:20', '2023-01-30 15:01:20', 5, 120, 'MOVIE', 'ACTOR'),
	(112, '2023-01-30 15:05:38', '2023-01-30 15:05:38', 6, 170, 'MOVIE', 'DIRECTOR'),
	(113, '2023-01-30 15:05:38', '2023-01-30 15:05:38', 6, 162, 'MOVIE', 'AUTHOR'),
	(114, '2023-01-30 15:05:38', '2023-01-30 15:05:38', 6, 165, 'MOVIE', 'AUTHOR'),
	(115, '2023-01-30 15:05:38', '2023-01-30 15:05:38', 6, 170, 'MOVIE', 'AUTHOR'),
	(116, '2023-01-30 15:05:38', '2023-01-30 15:05:38', 6, 163, 'MOVIE', 'AUTHOR'),
	(117, '2023-01-30 15:05:38', '2023-01-30 15:05:38', 6, 168, 'MOVIE', 'AUTHOR'),
	(118, '2023-01-30 15:05:38', '2023-01-30 15:05:38', 6, 159, 'MOVIE', 'AUTHOR'),
	(119, '2023-01-30 15:05:38', '2023-01-30 15:05:38', 6, 148, 'MOVIE', 'AUTHOR'),
	(120, '2023-01-30 15:05:38', '2023-01-30 15:05:38', 6, 170, 'MOVIE', 'ACTOR'),
	(121, '2023-01-30 15:05:38', '2023-01-30 15:05:38', 6, 78, 'MOVIE', 'ACTOR'),
	(122, '2023-01-30 15:05:38', '2023-01-30 15:05:38', 6, 153, 'MOVIE', 'ACTOR'),
	(123, '2023-01-30 15:05:38', '2023-01-30 15:05:38', 6, 156, 'MOVIE', 'ACTOR'),
	(124, '2023-01-30 15:05:38', '2023-01-30 15:05:38', 6, 139, 'MOVIE', 'ACTOR'),
	(125, '2023-01-30 15:05:38', '2023-01-30 15:05:38', 6, 141, 'MOVIE', 'ACTOR'),
	(126, '2023-01-30 15:05:38', '2023-01-30 15:05:38', 6, 142, 'MOVIE', 'ACTOR'),
	(127, '2023-01-30 15:05:38', '2023-01-30 15:05:38', 6, 154, 'MOVIE', 'ACTOR'),
	(128, '2023-01-30 15:05:38', '2023-01-30 15:05:38', 6, 160, 'MOVIE', 'ACTOR'),
	(129, '2023-01-30 15:05:38', '2023-01-30 15:05:38', 6, 144, 'MOVIE', 'ACTOR'),
	(130, '2023-01-30 15:05:38', '2023-01-30 15:05:38', 6, 172, 'MOVIE', 'ACTOR'),
	(131, '2023-01-30 15:05:38', '2023-01-30 15:05:38', 6, 143, 'MOVIE', 'ACTOR'),
	(132, '2023-01-30 15:05:38', '2023-01-30 15:05:38', 6, 157, 'MOVIE', 'ACTOR'),
	(133, '2023-01-30 15:05:38', '2023-01-30 15:05:38', 6, 166, 'MOVIE', 'ACTOR'),
	(134, '2023-01-30 15:05:38', '2023-01-30 15:05:38', 6, 164, 'MOVIE', 'ACTOR'),
	(135, '2023-01-30 15:05:38', '2023-01-30 15:05:38', 6, 155, 'MOVIE', 'ACTOR'),
	(136, '2023-01-30 15:05:38', '2023-01-30 15:05:38', 6, 151, 'MOVIE', 'ACTOR'),
	(137, '2023-01-30 15:05:38', '2023-01-30 15:05:38', 6, 173, 'MOVIE', 'ACTOR'),
	(138, '2023-01-30 15:05:38', '2023-01-30 15:05:38', 6, 169, 'MOVIE', 'ACTOR'),
	(139, '2023-01-30 15:05:38', '2023-01-30 15:05:38', 6, 168, 'MOVIE', 'ACTOR'),
	(140, '2023-01-30 15:05:38', '2023-01-30 15:05:38', 6, 150, 'MOVIE', 'ACTOR'),
	(141, '2023-01-30 15:05:38', '2023-01-30 15:05:38', 6, 152, 'MOVIE', 'ACTOR'),
	(142, '2023-01-30 15:05:38', '2023-01-30 15:05:38', 6, 147, 'MOVIE', 'ACTOR'),
	(143, '2023-01-30 15:05:38', '2023-01-30 15:05:38', 6, 149, 'MOVIE', 'ACTOR'),
	(144, '2023-01-30 15:05:38', '2023-01-30 15:05:38', 6, 163, 'MOVIE', 'ACTOR'),
	(145, '2023-01-30 15:05:38', '2023-01-30 15:05:38', 6, 161, 'MOVIE', 'ACTOR'),
	(146, '2023-01-30 15:05:38', '2023-01-30 15:05:38', 6, 171, 'MOVIE', 'ACTOR'),
	(147, '2023-01-30 15:05:38', '2023-01-30 15:05:38', 6, 140, 'MOVIE', 'ACTOR'),
	(148, '2023-01-30 15:05:38', '2023-01-30 15:05:38', 6, 158, 'MOVIE', 'ACTOR'),
	(149, '2023-01-30 15:05:38', '2023-01-30 15:05:38', 6, 145, 'MOVIE', 'ACTOR'),
	(150, '2023-01-30 15:05:38', '2023-01-30 15:05:38', 6, 167, 'MOVIE', 'ACTOR'),
	(151, '2023-01-30 15:05:38', '2023-01-30 15:05:38', 6, 146, 'MOVIE', 'ACTOR'),
	(152, '2023-01-30 15:06:40', '2023-01-30 15:06:40', 7, 192, 'MOVIE', 'DIRECTOR'),
	(153, '2023-01-30 15:06:40', '2023-01-30 15:06:40', 7, 180, 'MOVIE', 'DIRECTOR'),
	(154, '2023-01-30 15:06:40', '2023-01-30 15:06:40', 7, 192, 'MOVIE', 'AUTHOR'),
	(155, '2023-01-30 15:06:40', '2023-01-30 15:06:40', 7, 180, 'MOVIE', 'AUTHOR'),
	(156, '2023-01-30 15:06:40', '2023-01-30 15:06:40', 7, 178, 'MOVIE', 'AUTHOR'),
	(157, '2023-01-30 15:06:40', '2023-01-30 15:06:40', 7, 203, 'MOVIE', 'ACTOR'),
	(158, '2023-01-30 15:06:40', '2023-01-30 15:06:40', 7, 179, 'MOVIE', 'ACTOR'),
	(159, '2023-01-30 15:06:40', '2023-01-30 15:06:40', 7, 197, 'MOVIE', 'ACTOR'),
	(160, '2023-01-30 15:06:40', '2023-01-30 15:06:40', 7, 200, 'MOVIE', 'ACTOR'),
	(161, '2023-01-30 15:06:40', '2023-01-30 15:06:40', 7, 194, 'MOVIE', 'ACTOR'),
	(162, '2023-01-30 15:06:40', '2023-01-30 15:06:40', 7, 188, 'MOVIE', 'ACTOR'),
	(163, '2023-01-30 15:06:40', '2023-01-30 15:06:40', 7, 191, 'MOVIE', 'ACTOR'),
	(164, '2023-01-30 15:06:40', '2023-01-30 15:06:40', 7, 198, 'MOVIE', 'ACTOR'),
	(165, '2023-01-30 15:06:40', '2023-01-30 15:06:40', 7, 182, 'MOVIE', 'ACTOR'),
	(166, '2023-01-30 15:06:40', '2023-01-30 15:06:40', 7, 196, 'MOVIE', 'ACTOR'),
	(167, '2023-01-30 15:06:40', '2023-01-30 15:06:40', 7, 189, 'MOVIE', 'ACTOR'),
	(168, '2023-01-30 15:06:40', '2023-01-30 15:06:40', 7, 195, 'MOVIE', 'ACTOR'),
	(169, '2023-01-30 15:06:40', '2023-01-30 15:06:40', 7, 201, 'MOVIE', 'ACTOR'),
	(170, '2023-01-30 15:06:40', '2023-01-30 15:06:40', 7, 185, 'MOVIE', 'ACTOR'),
	(171, '2023-01-30 15:06:40', '2023-01-30 15:06:40', 7, 177, 'MOVIE', 'ACTOR'),
	(172, '2023-01-30 15:06:40', '2023-01-30 15:06:40', 7, 186, 'MOVIE', 'ACTOR'),
	(173, '2023-01-30 15:06:40', '2023-01-30 15:06:40', 7, 183, 'MOVIE', 'ACTOR'),
	(174, '2023-01-30 15:06:40', '2023-01-30 15:06:40', 7, 184, 'MOVIE', 'ACTOR'),
	(175, '2023-01-30 15:06:40', '2023-01-30 15:06:40', 7, 174, 'MOVIE', 'ACTOR'),
	(176, '2023-01-30 15:06:40', '2023-01-30 15:06:40', 7, 190, 'MOVIE', 'ACTOR'),
	(177, '2023-01-30 15:06:40', '2023-01-30 15:06:40', 7, 204, 'MOVIE', 'ACTOR'),
	(178, '2023-01-30 15:06:40', '2023-01-30 15:06:40', 7, 193, 'MOVIE', 'ACTOR'),
	(179, '2023-01-30 15:06:40', '2023-01-30 15:06:40', 7, 175, 'MOVIE', 'ACTOR'),
	(180, '2023-01-30 15:06:40', '2023-01-30 15:06:40', 7, 207, 'MOVIE', 'ACTOR'),
	(181, '2023-01-30 15:06:40', '2023-01-30 15:06:40', 7, 208, 'MOVIE', 'ACTOR'),
	(182, '2023-01-30 15:06:40', '2023-01-30 15:06:40', 7, 205, 'MOVIE', 'ACTOR'),
	(183, '2023-01-30 15:06:40', '2023-01-30 15:06:40', 7, 187, 'MOVIE', 'ACTOR'),
	(184, '2023-01-30 15:06:40', '2023-01-30 15:06:40', 7, 176, 'MOVIE', 'ACTOR'),
	(185, '2023-01-30 15:06:40', '2023-01-30 15:06:40', 7, 206, 'MOVIE', 'ACTOR'),
	(186, '2023-01-30 15:06:40', '2023-01-30 15:06:40', 7, 202, 'MOVIE', 'ACTOR'),
	(187, '2023-01-30 15:06:40', '2023-01-30 15:06:40', 7, 181, 'MOVIE', 'ACTOR'),
	(188, '2023-01-30 15:06:40', '2023-01-30 15:06:40', 7, 199, 'MOVIE', 'ACTOR');

/*!40103 SET TIME_ZONE=IFNULL(@OLD_TIME_ZONE, 'system') */;
/*!40101 SET SQL_MODE=IFNULL(@OLD_SQL_MODE, '') */;
/*!40014 SET FOREIGN_KEY_CHECKS=IFNULL(@OLD_FOREIGN_KEY_CHECKS, 1) */;
/*!40101 SET CHARACTER_SET_CLIENT=@OLD_CHARACTER_SET_CLIENT */;
/*!40111 SET SQL_NOTES=IFNULL(@OLD_SQL_NOTES, 1) */;
